date,open,high,low,close,volume,amount
2021-02-05,330.1238,336.9606,293.0093,293.0093,119899748.0,37547101409.0
2021-02-08,294.7673,302.7762,276.4054,295.9394,28700114.0,8500619673.0
2021-02-09,301.7995,343.7975,300.8228,342.4302,38036864.0,12880523848.0
2021-02-10,358.2527,388.7256,356.4946,387.7489,25460855.0,9747054457.0
2021-02-11,379.9353,391.4604,369.1917,388.7256,9706512.0,3820016392.0
2021-02-16,394.1951,408.0642,389.7023,393.6091,18593677.0,7522672649.0
2021-02-17,392.6324,405.3295,378.9586,405.3295,12038231.0,4876114431.0
2021-02-18,405.5248,407.2829,378.9586,384.4281,12469470.0,4995254958.0
2021-02-19,377.0052,386.7722,353.9552,378.9586,18155131.0,6871741898.0
2021-02-22,387.7489,392.6324,368.9963,368.9963,22708535.0,8803570843.0
2021-02-23,356.2993,359.4247,341.8441,349.6577,17419667.0,6320326712.0
2021-02-24,351.6111,355.1272,317.4267,319.5754,16989699.0,5668920430.0
2021-02-25,332.2725,337.3513,322.3102,331.2958,8412718.0,2840668450.0
2021-02-26,310.1991,318.4034,297.8927,301.6042,22520220.0,7037672000.0
2021-03-01,313.3246,317.2314,295.158,306.4877,9949607.0,3104594756.0
2021-03-02,327.1937,332.0772,308.6364,311.5665,7681023.0,2504219222.0
2021-03-03,313.1292,315.6686,307.269,309.8085,3593400.0,1138372351.0
2021-03-04,302.1902,302.1902,283.2423,292.6186,11099200.0,3295233844.0
2021-03-05,286.3677,288.1258,275.4287,278.3588,8328260.0,2388649365.0
2021-03-08,281.8749,285.0003,257.6528,259.8015,13089444.0,3557870518.0
2021-03-09,255.5041,274.2567,244.1744,265.6617,10489951.0,2807953270.0
2021-03-10,292.2279,292.2279,268.0058,271.7173,7276653.0,2080474717.0
2021-03-11,278.3588,302.1902,276.9914,300.6275,10698016.0,3223962649.0
2021-03-12,313.9106,315.4733,291.2512,296.916,13186099.0,4088053797.0
2021-03-15,297.5021,302.7762,280.3122,282.8516,6105491.0,1793020915.0
2021-03-16,291.8372,300.8228,290.6652,295.744,3999594.0,1208967983.0
2021-03-17,294.9627,310.0038,293.986,305.1203,6087852.0,1897952995.0
2021-03-18,311.5665,319.3801,307.8551,310.3945,6054837.0,1946414743.0
2021-03-19,306.683,310.0038,294.9627,308.4411,9709007.0,3040230391.0
2021-03-22,303.7529,311.7619,301.9949,307.4644,2522977.0,792041171.0
2021-03-23,309.0271,310.3945,285.1957,294.1813,6801931.0,2047560975.0
2021-03-24,284.6097,285.1957,255.3087,258.8248,16342120.0,4403016082.0
2021-03-25,247.1045,264.4897,242.4163,259.8015,9701115.0,2518206451.0
2021-03-26,264.685,283.0469,264.685,273.866,5647878.0,1583332144.0
2021-03-29,266.8338,268.2011,252.9647,259.4109,7370452.0,1950507163.0
2021-03-30,261.7549,265.6617,257.2621,257.6528,3199054.0,852798985.0
2021-03-31,265.6617,274.2567,261.1689,263.7083,5227198.0,1427091097.0
2021-04-01,268.7872,279.3355,265.8571,278.3588,5798932.0,1624485833.0
2021-04-07,279.1402,281.0935,264.4897,268.3965,5195612.0,1437447392.0
2021-04-08,263.7083,269.9592,261.7549,266.0524,3380116.0,919588378.0
2021-04-09,267.4198,272.6939,266.0524,269.9592,3325368.0,917309147.0
2021-04-12,270.5452,271.5219,257.8481,261.3643,3640294.0,969843450.0
2021-04-13,261.5596,262.1456,250.0346,253.16,3602578.0,934957803.0
2021-04-14,254.9181,267.0291,251.988,254.1367,5673768.0,1501905656.0
2021-04-15,253.9414,255.3087,229.5239,234.4074,15966745.0,3869601397.0
2021-04-16,231.282,238.3142,231.282,236.3608,5198280.0,1251717489.0
2021-04-19,236.3608,242.221,230.8913,241.0489,5356299.0,1307155574.0
2021-04-20,237.3375,243.0023,235.3841,240.2676,3187195.0,782349503.0
2021-04-21,234.7981,235.1888,226.9845,231.4773,7760005.0,1830579997.0
2021-04-22,235.1888,240.8536,234.4074,239.8769,4918038.0,1196296515.0
2021-04-23,241.2443,251.7926,240.2676,250.8159,8040600.0,2050013460.0
2021-04-26,257.6528,270.9359,256.6761,268.0058,10670317.0,2897857505.0
2021-04-27,266.2477,271.5219,262.5363,266.8338,4475189.0,1224688798.0
2021-04-28,267.6151,269.9592,264.8804,267.0291,1748764.0,478117319.0
2021-04-29,267.4198,272.6939,264.8804,266.2477,1707758.0,468767351.0
2021-04-30,263.7083,264.685,252.7693,256.8714,3936380.0,1029587815.0
2021-05-03,256.8714,258.2388,247.1045,252.7693,2489482.0,638116737.0
2021-05-04,251.4019,253.9414,249.4485,253.5507,1172317.0,302920267.0
2021-05-05,250.0346,253.16,247.2998,251.0113,1847660.0,474362037.0
2021-05-06,251.5973,254.9181,249.2532,252.574,3411837.0,879054899.0
2021-05-07,253.9414,253.9414,236.5561,238.5095,5671340.0,1400251736.0
2021-05-10,238.5095,240.2676,230.696,234.2121,4166767.0,997600547.0
2021-05-11,223.6637,225.4218,214.8735,221.9057,9878876.0,2222811931.0
2021-05-12,230.5006,232.0633,226.9845,230.696,6226367.0,1467595585.0
2021-05-13,223.2731,223.6637,214.8735,215.8502,5941677.0,1323986976.0
2021-05-14,214.8735,217.8035,208.2319,216.6315,5333048.0,1166984295.0
2021-05-17,220.5383,222.4917,217.8035,219.9523,2223662.0,499598020.0
2021-05-18,222.687,223.6637,219.9523,222.101,2206291.0,501056577.0
2021-05-20,220.343,223.0777,215.2641,221.515,4323954.0,972026540.0
2021-05-21,226.0078,234.7981,223.6637,234.2121,7799573.0,1852700504.0
2021-05-24,229.7193,230.1099,222.8824,226.7892,3614251.0,836867021.0
2021-05-25,216.8269,216.8269,200.223,200.809,22334690.0,4662055863.0
2021-05-26,200.223,202.9577,193.8745,200.0277,12732060.0,2576700790.0
2021-05-27,199.4416,201.5904,195.5348,200.0277,11821037.0,2410015838.0
2021-05-28,197.8789,202.5671,195.3395,195.7302,4358602.0,884477701.0
2021-05-31,195.7302,198.2696,185.7679,189.7723,9411529.0,1820281149.0
2021-06-01,190.0653,209.5993,190.0653,207.2552,14516328.0,3038168304.0
2021-06-02,211.748,213.7014,203.9344,207.2552,7241773.0,1546984213.0
2021-06-03,207.2552,210.9667,199.637,201.395,6740214.0,1413453209.0
2021-06-04,199.637,201.5904,195.3395,201.5904,7211019.0,1479176075.0
2021-06-07,201.1997,209.5993,195.3395,201.981,5583834.0,1159053858.0
2021-06-08,201.981,202.9577,197.6836,200.223,2511399.0,512875228.0
2021-06-09,200.223,200.223,195.7302,198.6603,3786222.0,762916457.0
2021-06-10,199.2463,201.981,197.2929,199.8323,1937800.0,397202791.0
2021-06-11,202.1764,204.3251,196.9022,203.9344,5637992.0,1165877725.0
2021-06-15,202.1764,203.1531,195.7302,201.0044,5027840.0,1021773239.0
2021-06-16,199.2463,200.6137,193.3861,196.9022,5832379.0,1169338007.0
2021-06-17,195.2418,195.2418,184.0098,186.0609,9962936.0,1905964572.0
2021-06-18,187.8189,190.3583,183.8145,187.5259,5225783.0,998877553.0
2021-06-21,185.0842,190.9444,184.5958,188.698,4146426.0,802338425.0
2021-06-22,188.698,188.698,181.3727,183.4238,3838745.0,721813234.0
2021-06-23,182.9354,195.2418,182.9354,194.8512,13166291.0,2571725778.0
2021-06-24,195.3395,197.4882,184.9865,187.0376,5319340.0,1024795991.0
2021-06-25,192.8001,201.981,189.3817,201.981,13243012.0,2689875544.0
2021-06-28,201.981,205.1065,199.2463,200.4183,3574806.0,736129483.0
2021-06-29,202.1764,206.0832,195.9255,197.6836,5927098.0,1209623688.0
2021-06-30,197.6836,199.2463,189.577,190.2607,5324266.0,1050039354.0
2021-07-02,190.2607,190.9444,175.8056,178.931,11438342.0,2121117990.0
2021-07-05,178.2473,178.5403,166.0386,168.3826,11222206.0,1945174969.0
2021-07-06,168.0896,169.9454,163.7922,166.9176,4752819.0,809663935.0
2021-07-07,166.0386,167.5036,159.69,161.2528,5995806.0,992802032.0
2021-07-08,160.3737,162.1318,155.0996,156.2716,9514472.0,1534807872.0
2021-07-09,151.3881,153.6345,144.9419,149.2394,15702183.0,2388669575.0
2021-07-12,150.4114,152.1695,143.7699,146.0163,6144895.0,919726141.0
2021-07-13,145.5279,163.6945,141.6211,154.3182,14626012.0,2329008352.0
2021-07-14,153.8299,161.4481,150.8998,156.6623,6347555.0,1020461273.0
2021-07-15,156.5646,156.6623,149.7277,151.1928,6508741.0,1010775465.0
2021-07-16,149.7277,151.7788,146.0163,147.4813,6722995.0,1014656044.0
2021-07-19,146.5046,146.7976,137.4213,138.9841,8500028.0,1216296827.0
2021-07-20,136.2493,138.691,133.0262,135.5656,6998892.0,969850654.0
2021-07-21,136.4446,139.7654,131.0728,132.5379,5166092.0,706057846.0
2021-07-22,135.2726,142.0118,134.2959,141.7188,7346993.0,1047656220.0
2021-07-23,138.691,140.4491,124.4313,126.4823,14476371.0,1921614342.0
2021-07-26,119.2548,120.1338,109.9761,111.3435,14966762.0,1758689338.0
2021-07-27,110.5622,119.0594,102.5532,106.3624,15246806.0,1710126858.0
2021-07-28,108.1204,112.7109,106.2647,112.0272,13745366.0,1547606946.0
2021-07-29,121.1105,125.0173,113.7853,116.1293,13606303.0,1645291840.0
2021-07-30,112.2225,112.2225,102.8462,107.5344,8553931.0,930182360.0
2021-08-02,106.9484,109.9761,102.5532,108.2181,4051021.0,443605146.0
2021-08-03,108.2181,108.5111,100.8929,105.3857,8402072.0,897122914.0
2021-08-04,104.409,108.9994,99.9162,102.7486,8731902.0,928445131.0
2021-08-05,97.6698,99.6231,86.6331,87.0237,40995401.0,3865972174.0
2021-08-06,81.6519,85.9494,76.7684,82.9216,82653554.0,6952118631.0
2021-08-09,81.0659,89.0748,79.6497,80.5775,60177817.0,5195161052.0
2021-08-10,83.0681,88.2446,82.5798,83.0193,43300721.0,3757788209.0
2021-08-11,83.0681,85.3145,81.0659,82.2868,18001528.0,1529500519.0
2021-08-12,82.0426,84.5332,81.1147,82.1403,12298100.0,1039915908.0
2021-08-13,81.0659,81.5054,77.2079,78.1846,14681309.0,1180127132.0
2021-08-16,78.1846,79.7962,72.1291,72.9105,15431338.0,1188931232.0
2021-08-17,71.2989,74.4732,69.1502,69.492,18137629.0,1322704302.0
2021-08-18,69.492,72.2268,68.3688,69.1013,13902785.0,994588002.0
2021-08-19,68.3688,69.1013,63.5342,64.2179,17813954.0,1203261829.0
2021-08-20,64.169,67.8805,62.997,66.4643,44793147.0,2994414942.0
2021-08-23,69.1502,72.9593,66.4643,68.1735,35466520.0,2531438649.0
2021-08-24,70.1757,79.6008,69.9315,78.4776,48298367.0,3738784186.0
2021-08-25,81.0659,83.5565,72.5686,75.6941,41479114.0,3279499522.0
2021-08-26,74.6197,75.0104,66.2201,68.7595,53044915.0,3779738325.0
2021-08-27,69.1013,72.1291,68.9548,69.785,21149289.0,1525165704.0
2021-08-30,69.8339,76.0847,69.7362,75.9871,28686267.0,2179992287.0
2021-08-31,76.3777,84.6797,76.0847,82.5309,44209500.0,3652062185.0
2021-09-01,81.5542,86.2424,81.0659,81.9938,49031742.0,4197373588.0
2021-09-02,87.9028,91.3212,84.7773,86.2912,40913739.0,3669608075.0
2021-09-03,84.5332,88.0493,82.1891,88.0493,44578986.0,3921612240.0
2021-09-06,86.4377,91.6142,85.9494,91.0282,35933165.0,3263165207.0
2021-09-07,91.8096,100.3068,91.6142,99.5255,46379966.0,4661356135.0
2021-09-08,102.5532,102.5532,95.7164,96.9372,25301314.0,2536798216.0
2021-09-09,93.5676,93.7141,89.0748,90.2469,26185739.0,2449607506.0
2021-09-10,91.8096,96.5466,91.0282,95.1792,17768949.0,1720764614.0
2021-09-13,93.3723,98.6465,92.4444,97.7674,16652940.0,1641128026.0
2021-09-14,99.6231,100.0138,95.0327,95.4233,17959615.0,1795997256.0
2021-09-15,94.4467,98.5488,90.6375,90.9305,19554086.0,1875179793.0
2021-09-16,91.3212,94.349,89.319,92.6886,14487264.0,1360865576.0
2021-09-17,93.3723,99.6231,91.0282,98.4511,93674041.0,9397670768.0
2021-09-20,96.0094,97.1814,92.1026,95.5699,14939942.0,1457690888.0
2021-09-21,92.2979,96.4977,92.2979,94.1048,11974207.0,1156689382.0
2021-09-23,97.6698,100.1115,93.6165,93.9095,13728592.0,1350537249.0
2021-09-24,93.0304,93.763,83.4588,84.8262,28437303.0,2567482859.0
2021-09-27,84.8262,84.9238,77.5009,79.5032,25855746.0,2126998250.0
2021-09-28,79.9427,85.3634,79.9427,83.996,13749602.0,1173165926.0
2021-09-29,80.6752,82.824,78.8195,82.6286,10125375.0,846835736.0
2021-09-30,80.4799,82.5798,80.0892,80.7729,5594922.0,464422021.0
2021-10-04,79.0148,81.6031,78.3311,79.2102,6139421.0,500485539.0
2021-10-05,78.1358,79.0637,75.9382,77.5009,7326445.0,583534627.0
2021-10-06,78.6242,79.8939,76.7196,77.6475,8847363.0,707312834.0
2021-10-07,79.845,84.7773,78.9172,84.2402,15607729.0,1329687374.0
2021-10-08,85.9494,86.7796,81.0171,81.7984,11417508.0,969854783.0
2021-10-11,82.824,88.7818,82.2379,85.9494,22579024.0,1996289188.0
2021-10-12,83.6541,84.1913,80.2357,80.8217,14031895.0,1183284697.0
2021-10-15,81.2124,83.4588,81.2124,82.7751,9386056.0,789972983.0
2021-10-18,82.7751,82.7751,77.2079,80.2845,18188146.0,1467464553.0
2021-10-19,81.2612,88.1958,81.2612,87.9028,24853129.0,2192755070.0
2021-10-20,88.8306,93.0793,88.8306,91.6631,46139251.0,4249672961.0
2021-10-21,91.6142,95.5699,90.1003,94.3978,27713845.0,2655529843.0
2021-10-22,96.0094,102.0649,95.9117,99.8185,32098530.0,3261533140.0
2021-10-25,99.6231,107.9251,96.9861,105.4833,41453541.0,4464744320.0
2021-10-26,104.6043,107.7297,102.5532,105.6787,22124799.0,2380785174.0
2021-10-27,102.3579,102.8462,99.1348,102.7486,17842026.0,1854799537.0
2021-10-28,104.116,107.7297,100.0138,101.3812,14148438.0,1499122113.0
2021-10-29,101.3812,102.5532,97.7674,101.0882,10679020.0,1102277405.0
2021-11-01,101.1859,101.7719,95.9117,97.5721,13883438.0,1387322908.0
2021-11-02,102.1626,105.3857,97.1326,97.6698,17731829.0,1835888955.0
2021-11-03,96.7419,97.6209,89.7097,93.7141,18621234.0,1772006528.0
2021-11-04,94.9838,97.2791,93.8118,94.349,12307862.0,1201691969.0
2021-11-05,92.7863,95.814,91.9561,93.0304,11091883.0,1060874967.0
2021-11-08,91.9072,92.2979,88.1958,91.1747,13711325.0,1268671134.0
2021-11-09,91.7607,92.7863,88.1958,89.905,15246076.0,1401840907.0
2021-11-10,89.0748,92.1026,86.8284,91.077,17371751.0,1585536435.0
2021-11-11,89.4655,100.4045,89.319,97.3767,21405730.0,2090251387.0
2021-11-12,99.5255,100.5998,96.6931,97.6698,16908372.0,1696185374.0
2021-11-15,98.0604,99.2325,95.7652,96.6931,13143362.0,1307081789.0
2021-11-16,96.6931,100.3068,95.228,99.5255,16506139.0,1665471927.0
2021-11-17,98.2558,99.9162,96.3024,98.8418,11545048.0,1165728021.0
2021-11-18,96.3512,97.1814,94.7397,96.1559,12564334.0,1234252288.0
2021-11-19,90.8329,94.4955,89.905,94.056,20316640.0,1930402014.0
2021-11-22,92.7863,95.6675,91.0282,91.4677,13547157.0,1287759564.0
2021-11-23,90.8817,93.2258,88.0981,92.5421,15938133.0,1479183205.0
2021-11-24,96.7907,106.2647,96.7907,97.3767,70834825.0,7305086981.0
2021-11-25,98.6465,98.6465,94.4467,95.5699,24495070.0,2412995748.0
2021-11-26,94.5443,95.9605,87.8539,87.9028,30940329.0,2861774205.0
2021-11-29,87.4144,88.8795,82.6286,83.5076,29474774.0,2559581064.0
2021-11-30,83.996,86.7307,81.6031,82.9705,38995539.0,3326607660.0
2021-12-01,83.9472,87.0237,82.9705,85.3634,21850864.0,1915226264.0
2021-12-02,83.996,85.461,80.9682,82.2868,20605117.0,1743607140.0
2021-12-03,80.5775,81.5542,75.3034,79.3567,45034388.0,3609974033.0
2021-12-06,75.401,79.845,75.401,77.4521,29493697.0,2333983294.0
2021-12-07,79.6008,82.2868,78.4776,82.0426,24827534.0,2051508542.0
2021-12-08,82.2868,83.1658,80.8706,82.2379,16304533.0,1374754358.0
2021-12-09,82.0426,85.754,82.0426,83.7518,19829572.0,1712640077.0
2021-12-10,83.3123,86.7307,82.0914,84.289,26515763.0,2294761200.0
2021-12-13,86.9261,88.0493,84.582,84.7285,18800628.0,1666346842.0
2021-12-14,83.2635,83.6053,80.138,80.5775,12775672.0,1062074033.0
2021-12-15,80.0892,82.2868,79.0637,80.1869,10286393.0,848604425.0
2021-12-16,79.7474,83.41,76.9149,82.9705,14880762.0,1225758319.0
2021-12-17,82.7751,82.7751,79.0148,79.552,19392328.0,1587729529.0
2021-12-20,79.552,81.2124,75.9871,76.3289,14923927.0,1196840171.0
2021-12-21,76.0847,78.2335,73.35,76.8173,20619378.0,1596881263.0
2021-12-22,79.552,80.9682,75.6941,76.8661,16929549.0,1348014414.0
2021-12-23,76.3289,78.087,73.7895,74.0825,18119352.0,1390029730.0
2021-12-24,75.401,76.1824,73.4965,73.7895,7684665.0,585932971.0
2021-12-28,73.5453,74.229,70.4199,70.8106,18038791.0,1322148697.0
2021-12-29,71.2989,71.2989,66.6108,66.9038,12594621.0,874680866.0
2021-12-30,66.4154,68.3688,65.5364,66.5131,10989516.0,750873800.0
2021-12-31,71.2989,71.5919,69.4432,70.3711,10145893.0,733726220.0
2022-01-03,71.4943,74.4244,71.2989,72.8616,11151820.0,829482380.0
2022-01-04,72.8616,73.4477,70.4199,71.3478,14559005.0,1072937541.0
2022-01-05,67.7828,69.5897,65.6341,65.9759,27058870.0,1860191024.0
2022-01-06,64.6574,67.3921,60.8483,66.3666,28983585.0,1901153227.0
2022-01-07,67.6363,70.5664,66.6108,69.1013,18719847.0,1317834865.0
2022-01-10,69.2967,77.5009,69.0525,76.0847,36108979.0,2760525934.0
2022-01-11,76.2312,79.552,75.3034,78.6242,21117434.0,1682086520.0
2022-01-12,80.0892,84.6308,79.7474,83.6541,33823884.0,2843101349.0
2022-01-13,84.875,85.461,80.9682,83.4588,21389694.0,1816655888.0
2022-01-14,80.1869,87.4633,79.6008,87.4633,39206852.0,3409274235.0
2022-01-17,87.4633,88.5376,82.7263,85.1192,16163159.0,1413063415.0
2022-01-18,86.8284,88.44,82.6774,83.5565,22200542.0,1947805359.0
2022-01-19,83.3123,84.8262,81.2124,81.7984,16472028.0,1396581811.0
2022-01-20,83.3611,88.1958,81.8961,87.3656,41730320.0,3702846884.0
2022-01-21,85.3634,87.9516,84.9727,86.2912,26534932.0,2340827407.0
2022-01-24,84.1913,84.3378,82.1403,83.2635,18395237.0,1567551943.0
2022-01-25,81.5054,83.2146,80.2845,81.0171,17098854.0,1422406242.0
2022-01-26,81.5054,87.4144,81.5054,84.289,30674610.0,2675344973.0
2022-01-27,81.6519,82.5798,78.966,80.431,17220499.0,1414874393.0
2022-01-28,80.5287,81.3101,76.9638,80.5775,14894119.0,1218357251.0
2022-01-31,82.3356,86.8284,82.3356,85.9005,18095032.0,1575785065.0
2022-02-04,86.7307,88.3423,85.0704,87.5609,19347321.0,1729227261.0
2022-02-07,86.3889,87.7074,83.8006,87.3168,15373172.0,1356988224.0
2022-02-08,87.2679,88.3911,85.9494,87.8539,15305709.0,1367702023.0
2022-02-09,89.4655,93.3234,88.9283,92.4444,33166335.0,3103745821.0
2022-02-10,92.1514,94.7397,89.4167,92.2979,20542752.0,1930416146.0
2022-02-11,90.6375,93.47,88.6353,90.198,13735852.0,1274622378.0
2022-02-14,89.0748,89.5632,86.7307,87.6586,9824106.0,884765188.0
2022-02-15,87.2191,89.3678,86.9261,88.4888,8386191.0,760561405.0
2022-02-16,91.3212,93.5676,90.5399,93.3723,17895721.0,1696268679.0
2022-02-17,93.3234,97.0837,91.5166,96.4977,22168854.0,2172986144.0
2022-02-18,95.3745,96.3024,87.9028,91.8096,24444442.0,2324734785.0
2022-02-21,89.8562,90.6375,83.3123,85.1192,30733385.0,2732726615.0
2022-02-22,83.3123,87.9028,82.3356,87.4633,26770816.0,2334964335.0
2022-02-23,88.2446,91.7119,85.3145,89.5143,18152233.0,1653987604.0
2022-02-24,85.8029,87.5121,81.8961,84.4843,28325770.0,2448107833.0
2022-02-25,86.7796,89.3678,84.4355,84.6308,23560611.0,2076587405.0
2022-02-28,85.9494,88.9283,84.9727,87.4633,23961544.0,2133819013.0
2022-03-01,87.9516,88.7818,85.6075,86.5842,12161124.0,1079433250.0
2022-03-02,86.3401,86.7796,78.9172,78.966,35019807.0,2903597071.0
2022-03-03,80.6264,80.9682,74.229,78.0381,31373599.0,2474453555.0
2022-03-04,74.9127,77.3056,71.9338,74.8639,41741171.0,3212835031.0
2022-03-07,72.0803,75.6941,69.2479,73.6918,34989979.0,2611690631.0
2022-03-08,73.8383,75.6941,69.9315,70.2246,35448446.0,2599183823.0
2022-03-09,70.8594,72.2756,66.9038,70.2734,32094497.0,2295415383.0
2022-03-10,74.229,75.6941,70.3222,72.1779,27235559.0,2041854311.0
2022-03-11,68.3688,70.6152,62.5086,67.5386,68209839.0,4577195054.0
2022-03-14,62.997,66.3178,58.4065,58.7972,54722562.0,3470163566.0
2022-03-15,54.2067,62.3133,53.3765,54.8416,75824979.0,4437317932.0
2022-03-16,59.1879,74.229,57.7717,73.8383,92689506.0,6335681553.0
2022-03-17,81.0659,83.996,72.471,73.2035,68087389.0,5415818919.0
2022-03-18,70.1757,76.3289,69.9315,74.6197,35454530.0,2646701039.0
2022-03-21,77.5498,77.5498,69.3455,70.1269,36409427.0,2684495612.0
2022-03-22,69.8339,74.4732,69.1013,73.6918,23492740.0,1729003913.0
2022-03-23,76.9638,80.5775,75.2545,78.3311,38758219.0,3107741096.0
2022-03-24,78.1358,79.5032,74.1802,75.1569,19865881.0,1562811356.0
2022-03-25,74.3755,76.0847,68.9548,69.1013,26261081.0,1912181693.0
2022-03-28,70.1757,73.9848,68.1247,73.3011,24723789.0,1834383412.0
2022-03-29,73.2523,76.9638,71.8849,76.6708,25980410.0,1989137560.0
2022-03-30,83.0193,83.0193,70.3222,71.8849,86476520.0,6650194201.0
2022-03-31,73.3011,74.522,72.0803,72.471,15732464.0,1183880865.0
2022-04-01,69.7362,71.4943,69.5897,71.3966,14761825.0,1067570843.0
2022-04-04,72.764,77.7451,72.764,77.6475,26428551.0,2049794901.0
2022-04-06,74.229,76.6708,73.057,73.5453,20690332.0,1585724814.0
2022-04-07,72.471,74.4244,69.7362,70.3222,34234418.0,2495139198.0
2022-04-08,69.8339,70.6152,67.4898,68.613,22699357.0,1593655776.0
2022-04-11,67.8805,67.8805,63.5342,63.876,31223029.0,2065671582.0
2022-04-12,64.1202,65.2434,56.2089,59.2367,92432865.0,5590885341.0
2022-04-13,58.9925,63.2412,58.1135,62.5086,31382270.0,1976361061.0
2022-04-14,63.4853,64.3644,61.0436,62.2156,23540937.0,1512058093.0
2022-04-19,59.6762,60.9459,58.7972,60.3599,23594584.0,1446713956.0
2022-04-20,60.7506,62.2156,59.7251,59.9204,18168849.0,1130335549.0
2022-04-21,58.6995,60.4087,57.2345,58.4065,23884769.0,1427713490.0
2022-04-22,56.6973,58.7972,56.2578,57.9182,21764631.0,1283804056.0
2022-04-25,56.2578,56.5996,53.3277,54.0114,33492486.0,1874860981.0
2022-04-26,54.8904,59.0902,54.8904,56.6973,30314614.0,1771557580.0
2022-04-27,55.4764,60.3111,55.4764,59.5297,29232268.0,1754312021.0
2022-04-28,60.5552,61.0924,58.4065,59.8227,18323015.0,1117321390.0
2022-04-29,58.8949,66.3666,57.7228,65.1946,45593460.0,2963537381.0
2022-05-03,64.7062,66.7084,61.4343,64.9504,22809721.0,1511242828.0
2022-05-04,63.9737,64.462,60.5552,61.1901,18574503.0,1181464905.0
2022-05-05,63.2412,63.9249,61.9715,62.3621,24484217.0,1577910748.0
2022-05-06,59.432,60.8971,58.2112,58.6995,19827185.0,1201229714.0
2022-05-10,54.2067,57.4298,51.9115,57.1368,41542860.0,2343413027.0
2022-05-11,56.4531,63.9737,55.0857,61.4343,45022123.0,2809950111.0
2022-05-12,59.5785,63.6318,59.3344,61.0924,31791121.0,2008785771.0
2022-05-13,63.876,66.4154,62.6063,66.2201,52844441.0,3524790838.0
2022-05-16,68.3688,69.199,65.9271,66.7573,24542221.0,1687567101.0
2022-05-17,67.3921,70.2734,67.3921,70.078,30543581.0,2163320891.0
2022-05-18,70.2734,70.3222,66.8061,68.2223,27538285.0,1916381905.0
2022-05-19,65.4387,67.5875,64.7062,66.2689,25582732.0,1728772268.0
2022-05-20,68.8572,69.8339,67.9781,69.5897,30329204.0,2140972679.0
2022-05-23,68.8083,68.9548,63.4853,64.4132,31962292.0,2139642731.0
2022-05-24,64.462,66.4643,60.1646,61.8738,27260337.0,1755567205.0
2022-05-25,64.169,66.1224,63.1435,65.1946,46387908.0,3076923161.0
2022-05-26,66.2689,66.5131,63.9249,66.2201,23953544.0,1610631775.0
2022-05-27,69.3455,70.078,66.7573,66.9526,36268220.0,2528808905.0
2022-05-30,69.3455,70.078,68.4665,69.2479,32222475.0,2292863280.0
2022-05-31,69.2479,75.6452,68.8572,74.229,169062501.0,12748240880.0
2022-06-01,72.0314,75.5964,72.0314,75.4987,53470896.0,4060329633.0
2022-06-02,75.4987,79.845,74.0825,78.0381,36151818.0,2856531912.0
2022-06-06,78.8195,82.1403,77.8428,82.0426,51484003.0,4229724257.0
2022-06-07,83.0193,84.9727,81.1636,83.0193,33850284.0,2890057404.0
2022-06-08,85.5587,88.0981,83.8495,85.4122,54044664.0,4771290937.0
2022-06-09,87.0237,87.9028,82.7751,85.3145,35486076.0,3076659591.0
2022-06-10,83.3611,87.0237,81.5542,84.4843,57574425.0,4989571403.0
2022-06-13,81.0659,85.9494,80.431,84.4843,39267097.0,3379515601.0
2022-06-14,83.1658,84.9727,81.2124,84.289,26571774.0,2264604297.0
2022-06-15,85.3145,87.8051,85.2169,85.9982,31394800.0,2778558906.0
2022-06-16,81.7496,85.9494,77.3056,78.4776,76670969.0,6285995537.0
2022-06-17,77.5498,81.4077,76.3777,81.3101,58465543.0,4812608477.0
2022-06-20,80.3334,81.1636,77.4521,80.9194,24511925.0,2000274986.0
2022-06-21,81.0659,84.2402,80.1869,83.8495,21380581.0,1817511316.0
2022-06-22,83.0193,84.4355,79.7474,80.431,23575835.0,1974729731.0
2022-06-23,80.3334,82.0426,78.9172,81.6031,19916583.0,1651394297.0
2022-06-24,82.2379,86.2912,82.2379,85.3145,27271152.0,2368801118.0
2022-06-27,86.3401,88.6841,85.5099,87.8539,35579631.0,3196180877.0
2022-06-28,87.7563,87.9516,84.4843,87.5121,22509353.0,1996085197.0
2022-06-29,85.9982,87.6098,83.996,85.461,21933822.0,1915004902.0
2022-06-30,84.6797,87.9028,83.5565,85.3634,21504982.0,1900070574.0
2022-07-04,85.5099,86.7307,83.703,85.6075,14697588.0,1283825357.0
2022-07-05,87.0726,89.3678,85.8029,86.7307,23019188.0,2063667477.0
2022-07-06,87.9028,87.9028,82.7751,84.582,18934534.0,1643637058.0
2022-07-07,83.4588,84.7285,81.2124,84.1913,13259271.0,1130657681.0
2022-07-08,86.2424,86.6819,83.8983,84.582,9296246.0,810882178.0
2022-07-11,84.289,84.289,79.5032,80.2845,20950546.0,1731519155.0
2022-07-12,78.7707,80.431,77.7451,78.5753,12879315.0,1040505631.0
2022-07-13,79.6008,80.9194,78.4288,78.8195,9798630.0,796897294.0
2022-07-14,79.1125,79.8939,76.9638,78.673,10512141.0,844781824.0
2022-07-15,77.1103,77.8428,75.3034,76.1824,13045426.0,1018162208.0
2022-07-18,76.0847,79.5032,75.1569,78.8683,17497925.0,1399478524.0
2022-07-19,78.3311,78.5753,76.2801,77.5009,9615474.0,760572245.0
2022-07-20,79.6497,80.2357,78.6242,79.5032,18375049.0,1495080855.0
2022-07-21,79.3078,81.5542,78.6242,80.4799,19166029.0,1579929322.0
2022-07-22,81.7496,84.289,81.5542,83.117,20813630.0,1776243939.0
2022-07-25,82.6286,82.824,79.7474,81.3589,10003229.0,828157733.0
2022-07-26,81.5542,83.9472,81.5542,82.6774,9796605.0,833481660.0
2022-07-27,81.4566,83.5076,81.4566,82.6774,6885401.0,582180994.0
2022-07-28,83.1658,84.1913,82.6286,83.0681,9689781.0,826481425.0
2022-07-29,83.117,83.5076,74.7662,77.1591,40831869.0,3238365099.0
2022-08-01,77.1591,77.794,75.1569,77.3056,12234266.0,961378514.0
2022-08-02,75.108,75.5476,72.1291,74.7174,21920843.0,1650700286.0
2022-08-03,76.3777,78.6242,76.2801,77.4033,18955527.0,1505999420.0
2022-08-04,79.4055,79.9427,77.1591,77.9893,11310628.0,909204528.0
2022-08-05,78.8683,78.8683,76.4266,77.5009,8492717.0,673396191.0
2022-08-08,75.3034,77.1103,74.4244,75.4987,11022735.0,849409767.0
2022-08-09,75.2057,76.6219,74.2778,75.0592,8405556.0,647221522.0
2022-08-10,74.9127,75.2545,70.9082,72.3245,19154491.0,1409993941.0
2022-08-11,73.35,74.1313,71.9338,73.7895,12128965.0,909920895.0
2022-08-12,73.8383,74.229,72.8616,73.936,6718006.0,506394595.0
2022-08-15,73.1546,74.7174,72.764,73.4477,6023811.0,454158333.0
2022-08-16,73.8872,75.3034,69.199,70.2246,23697870.0,1719365670.0
2022-08-17,70.9571,71.2989,68.613,70.0292,26161440.0,1874944877.0
2022-08-18,70.3222,70.8594,67.4898,69.0525,16897173.0,1188608908.0
2022-08-19,69.0037,72.9105,68.8083,72.2756,29336360.0,2159114403.0
2022-08-22,70.7129,73.35,69.9315,72.8128,12526056.0,928087568.0
2022-08-23,72.8616,74.522,72.4221,73.35,14623649.0,1100492483.0
2022-08-24,72.0803,72.6663,65.5852,67.3921,56096546.0,3932447286.0
2022-08-25,67.4898,72.8616,67.4898,72.0314,25054306.0,1820345971.0
2022-08-26,73.5942,74.4244,68.613,69.1013,32715311.0,2352281505.0
2022-08-29,68.2712,70.2246,67.3921,69.2967,9595048.0,680810119.0
2022-08-30,69.4432,69.492,64.5109,66.4154,32588307.0,2194724876.0
2022-08-31,64.6085,68.3688,64.6085,67.1968,17828990.0,1216362977.0
2022-09-01,65.6341,67.0503,63.583,65.4876,21127625.0,1415779750.0
2022-09-02,65.4876,66.2201,64.2179,65.2434,21232439.0,1415070708.0
2022-09-05,64.755,64.755,63.5342,64.1202,11738667.0,770452466.0
2022-09-06,64.9016,65.0481,62.997,63.876,9282943.0,605441658.0
2022-09-07,62.5086,62.5086,59.9692,61.2878,26528098.0,1653049082.0
2022-09-08,61.5808,62.3621,60.4576,60.9459,13971398.0,878397114.0
2022-09-09,61.4343,63.6318,60.6529,62.997,15987343.0,1032066644.0
2022-09-13,63.4365,63.9249,60.7506,61.7761,13589149.0,858413294.0
2022-09-14,59.7251,60.6041,59.2367,60.0181,11646355.0,714734579.0
2022-09-15,60.1157,61.0436,59.7739,60.4576,8480856.0,523821511.0
2022-09-16,59.139,59.6762,55.6718,55.9648,35762917.0,2081547116.0
2022-09-19,55.7694,55.8671,53.8649,55.3299,21890498.0,1232059663.0
2022-09-20,56.2578,57.2345,55.9648,56.3554,14154275.0,818459337.0
2022-09-21,55.6718,55.6718,54.3044,54.5486,13165010.0,738622052.0
2022-09-22,52.644,55.0369,52.3998,54.2067,13473575.0,745645243.0
2022-09-23,53.816,55.2322,53.4254,53.4742,12770882.0,705790032.0
2022-09-26,53.0835,55.9648,51.9603,54.3044,16359087.0,913540898.0
2022-09-27,54.3532,55.2811,52.5463,54.8416,15937669.0,881453157.0
2022-09-28,53.7672,53.9625,51.8138,52.058,15733318.0,845769334.0
2022-09-29,54.0114,54.0114,50.1046,50.9348,14196123.0,751352064.0
2022-09-30,51.2278,52.058,49.2744,49.7627,10661471.0,546178970.0
2022-10-03,49.3232,51.472,49.3232,50.7883,7395643.0,383675590.0
2022-10-05,53.7184,55.2811,53.4742,54.9392,15154377.0,846153881.0
2022-10-06,55.3299,55.6229,53.6207,54.6462,9232350.0,515710472.0
2022-10-07,53.7672,53.9137,52.5952,52.5952,6658257.0,361065486.0
2022-10-10,50.6418,51.3255,50.3976,50.7883,11212160.0,583592166.0
2022-10-11,50.4953,50.8371,47.907,49.2256,13090119.0,659206090.0
2022-10-12,48.6395,50.9348,46.7838,48.6884,18895030.0,935485290.0
2022-10-13,48.6884,48.6884,46.4908,46.4908,13406883.0,648834916.0
2022-10-14,47.907,50.2023,47.321,47.614,17189202.0,853832071.0
2022-10-17,46.9303,48.6395,44.5862,47.7117,20835063.0,989610054.0
2022-10-18,49.0302,50.4464,47.8582,50.2511,17303862.0,877880760.0
2022-10-19,49.7139,49.8116,46.442,46.5396,19138185.0,929339384.0
2022-10-20,44.7327,45.5141,42.1445,42.5352,49805041.0,2224745399.0
2022-10-21,42.7794,43.0724,38.9214,39.0679,46403229.0,1909690143.0
2022-10-24,37.1145,38.5796,33.6961,34.1356,54055655.0,1972468212.0
2022-10-25,34.1844,37.554,32.7194,35.6983,56369329.0,2044623659.0
2022-10-26,35.4541,38.5307,34.7216,36.968,43640972.0,1658556421.0
2022-10-27,39.0679,39.5562,34.1844,34.9169,40799957.0,1521546166.0
2022-10-28,34.6728,35.2099,31.0101,32.0357,51572976.0,1713519297.0
2022-10-31,31.8892,33.3542,31.2543,31.5473,42108340.0,1388721298.0
2022-11-01,32.0357,36.9192,31.5962,36.2843,58607696.0,2075832041.0
2022-11-02,35.6983,36.675,33.7449,36.3331,39130459.0,1421338318.0
2022-11-03,35.1123,37.2122,34.8193,35.3076,27111247.0,995498415.0
2022-11-04,35.6983,42.0468,35.6495,40.9236,72084760.0,2961805090.0
2022-11-07,40.3376,45.6606,39.8004,44.2932,54355328.0,2431729358.0
2022-11-08,44.6351,45.6606,43.0235,44.6839,29840953.0,1359085155.0
2022-11-09,45.0746,46.6373,43.2189,43.463,34180295.0,1554888276.0
2022-11-10,41.9492,41.9492,39.4097,39.8004,39867483.0,1647742798.0
2022-11-11,45.5141,47.2722,44.5374,46.7838,58947324.0,2783233130.0
2022-11-14,49.1279,49.4697,44.7816,46.0513,44360489.0,2116409198.0
2022-11-15,45.9048,53.1812,45.6118,50.9836,70933474.0,3633830602.0
2022-11-16,50.9836,51.6673,49.0302,51.5696,48173975.0,2489357079.0
2022-11-17,49.8116,53.23,47.6628,52.351,45126932.0,2318725458.0
2022-11-18,54.6951,56.0624,51.8626,53.0347,48280189.0,2680415501.0
2022-11-21,50.7883,54.3044,48.6395,52.3998,33716134.0,1798252664.0
2022-11-22,51.8626,52.8882,48.6395,49.0791,32658564.0,1676262245.0
2022-11-23,50.0557,52.937,49.9092,51.8626,44351774.0,2338444045.0
2022-11-24,52.1556,53.6695,51.9115,52.4975,17048817.0,921076751.0
2022-11-25,52.6928,52.7417,49.4697,49.6162,23385579.0,1199784646.0
2022-11-28,46.8815,50.2511,46.2955,49.5186,22053680.0,1101442717.0
2022-11-29,51.0324,53.6207,50.0557,53.523,29349530.0,1568148163.0
2022-11-30,53.4254,55.5253,52.1556,55.2322,25674857.0,1422989284.0
2022-12-01,58.6019,60.1646,54.4509,56.3554,54382311.0,3173287087.0
2022-12-02,57.0391,59.5297,56.6973,58.6019,42187220.0,2517304398.0
2022-12-05,62.3133,62.3133,59.9204,62.1668,57747905.0,3623047128.0
2022-12-06,60.7506,65.1457,60.7018,62.1668,34271116.0,2207348462.0
2022-12-07,61.7761,66.3178,59.6274,60.4087,46482107.0,3020296323.0
2022-12-08,60.7018,67.1968,60.7018,67.0991,44125559.0,2943208734.0
2022-12-09,67.3921,70.3222,65.6341,68.4665,62791810.0,4400961362.0
2022-12-12,67.5875,70.6641,65.8294,66.4154,30653786.0,2118730124.0
2022-12-13,66.4154,71.2012,66.1224,69.3944,34347659.0,2456768391.0
2022-12-14,70.1269,71.4943,67.8805,69.3455,24723394.0,1760823686.0
2022-12-15,69.199,69.8827,66.4643,67.0991,18719748.0,1296885485.0
2022-12-16,66.4154,69.3455,65.1946,67.8805,24986674.0,1725641308.0
2022-12-19,67.8805,71.2012,67.3433,68.6618,19469938.0,1381537678.0
2022-12-20,68.3688,68.3688,63.9737,65.3411,26582768.0,1786140405.0
2022-12-21,65.5852,66.5131,64.4132,65.5364,14074975.0,943269122.0
2022-12-22,67.8316,70.5664,67.148,70.1269,30303120.0,2149570605.0
2022-12-23,68.7107,71.4454,66.6596,67.734,29153554.0,2056633666.0
2022-12-28,69.492,72.2756,69.3455,71.3966,33092742.0,2413775259.0
2022-12-29,70.078,70.5664,68.4665,69.0037,24517831.0,1736030253.0
2022-12-30,70.8106,71.5919,68.8083,69.3944,19282425.0,1381517036.0
2023-01-03,69.1013,72.5198,68.4665,71.8849,22687813.0,1651789408.0
2023-01-04,72.471,76.3777,71.5919,75.7429,36302156.0,2778832553.0
2023-01-05,77.8428,78.966,76.4754,77.5009,38861764.0,3101385721.0
2023-01-06,78.1358,78.7218,75.2545,76.3777,27446149.0,2173492005.0
2023-01-09,78.1358,78.5265,76.5731,77.9893,23582621.0,1878745681.0
2023-01-10,78.087,78.4776,74.0825,75.9382,23566547.0,1825416498.0
2023-01-11,76.1336,77.4033,74.6197,74.9127,23811793.0,1847116443.0
2023-01-12,75.401,75.401,70.1757,71.5431,44263209.0,3268386035.0
2023-01-13,71.5431,72.8128,71.1524,72.6663,17739151.0,1307197217.0
2023-01-16,72.764,73.5942,68.7595,69.8339,23110934.0,1667723832.0
2023-01-17,69.8339,72.7151,69.199,69.8339,19724340.0,1423287639.0
2023-01-18,69.8339,71.4943,68.1735,70.8106,24396147.0,1755117714.0
2023-01-19,67.9781,68.1735,66.0736,66.5619,32539045.0,2232470898.0
2023-01-20,67.2456,68.8572,66.5619,68.4665,20863961.0,1453572380.0
2023-01-26,70.5176,70.7129,68.6618,70.0292,15777581.0,1124269050.0
2023-01-27,70.3222,71.4943,70.0292,71.0059,15916816.0,1154793618.0
2023-01-30,72.2756,72.2756,66.5131,67.0015,38323215.0,2698990876.0
2023-01-31,67.3433,68.8572,66.0736,67.0503,22774317.0,1567313520.0
2023-02-01,67.7828,69.9804,65.8294,69.7362,22377570.0,1573394834.0
2023-02-02,71.1036,72.2756,68.8572,69.199,19889363.0,1431453581.0
2023-02-03,68.8572,70.5664,67.148,67.6363,17847896.0,1241657289.0
2023-02-06,65.7317,65.7317,63.29,64.2179,25755767.0,1689183010.0
2023-02-07,64.169,66.3666,63.7295,65.0481,16119321.0,1072781398.0
2023-02-08,64.8527,65.1457,60.5552,61.0436,41228599.0,2603648476.0
2023-02-09,60.5064,63.4853,59.8716,63.4853,23135942.0,1468955458.0
2023-02-10,62.3621,62.9482,59.6274,59.8716,24818601.0,1536706769.0
2023-02-13,59.5785,62.4598,58.6995,61.7761,21704991.0,1357954588.0
2023-02-14,62.5086,62.5086,60.6041,60.7506,20510061.0,1286313657.0
2023-02-15,60.7994,61.2878,59.0414,59.3344,15733777.0,960443021.0
2023-02-16,60.2622,62.4598,60.0181,60.4576,22061119.0,1383040591.0
2023-02-17,60.2622,61.3366,58.3577,58.553,16377389.0,993693224.0
2023-02-20,58.0647,59.9204,57.2833,59.3344,16883854.0,1017311092.0
2023-02-21,58.7484,59.1879,55.0369,55.6229,31618880.0,1819049183.0
2023-02-22,55.1834,55.7694,53.7184,54.2067,29490435.0,1640248404.0
2023-02-23,53.7672,54.7927,52.5952,53.7672,25845997.0,1422525168.0
2023-02-24,53.4742,53.7184,51.5208,51.6185,25071606.0,1341418666.0
2023-02-27,50.5929,53.7184,50.3488,52.937,27128115.0,1465815318.0
2023-02-28,52.058,52.7905,50.6906,51.2766,28583472.0,1508079019.0
2023-03-01,51.3255,55.2811,51.179,54.7439,36986358.0,2034081058.0
2023-03-02,53.23,54.8904,53.23,54.3044,19120463.0,1057116227.0
2023-03-03,56.1113,58.3088,55.6229,57.381,31036902.0,1813529979.0
2023-03-06,57.381,58.1135,55.0369,56.2578,22402290.0,1289558679.0
2023-03-07,56.0136,57.1856,53.7672,54.5486,21669574.0,1226498822.0
2023-03-08,53.1812,53.6695,52.351,53.0835,17473992.0,947877949.0
2023-03-09,52.8393,53.2789,51.7161,51.8626,12068363.0,646248534.0
2023-03-10,50.3488,50.3976,48.5419,49.0302,42677520.0,2152847002.0
2023-03-13,50.2023,52.6928,49.8116,51.0813,27349789.0,1432710382.0
2023-03-14,50.8371,51.3743,48.5419,48.8837,20626651.0,1047662750.0
2023-03-15,50.1534,51.5696,49.6651,50.1046,16523787.0,853395578.0
2023-03-16,48.6395,51.1301,48.6395,49.9581,15907565.0,813541511.0
2023-03-17,51.5696,52.7417,50.8859,52.1556,27353918.0,1458024531.0
2023-03-20,51.8138,52.7905,50.5929,51.765,16609033.0,879109752.0
2023-03-21,52.0091,52.4487,50.5441,52.058,15408504.0,815804942.0
2023-03-22,52.5952,55.0369,52.5952,52.7417,22144012.0,1216479461.0
2023-03-23,52.7417,55.5253,51.9115,55.2811,21760853.0,1206386292.0
2023-03-24,54.7439,56.6485,54.1579,55.5741,20418281.0,1160743127.0
2023-03-27,55.5741,56.1601,53.3277,54.109,22736086.0,1266171671.0
2023-03-28,54.8416,55.2811,53.3765,54.109,19259513.0,1071375020.0
2023-03-29,55.9648,58.2112,54.2555,54.9392,28552514.0,1631569392.0
2023-03-30,57.7717,60.4576,57.1368,58.0158,55892243.0,3365199753.0
2023-03-31,59.3832,59.9204,58.5042,59.0414,20004974.0,1212581021.0
2023-04-03,58.846,59.432,55.6718,57.0391,25997991.0,1510034544.0
2023-04-04,56.9903,56.9903,54.2067,55.5741,21341711.0,1204987198.0
2023-04-06,54.1579,55.0857,53.0835,54.8416,20597431.0,1137188992.0
2023-04-11,55.0857,55.8183,53.7672,54.8904,17652918.0,989007806.0
2023-04-12,54.8904,55.1834,51.8626,52.8393,23031709.0,1253563493.0
2023-04-13,51.179,53.4742,50.8859,53.4742,18095319.0,968084822.0
2023-04-14,53.7184,54.8904,52.3022,52.7905,18069750.0,986129140.0
2023-04-17,51.765,53.9137,51.0324,53.5719,22468751.0,1205410725.0
2023-04-18,52.937,52.9858,51.5696,52.8393,21252962.0,1140662401.0
2023-04-19,52.3022,52.5463,49.9092,50.4953,27991322.0,1458652766.0
2023-04-20,49.6162,49.6162,47.2722,47.8582,43458299.0,2144961748.0
2023-04-21,47.4187,48.5419,47.0768,47.4187,15863034.0,774726803.0
2023-04-24,47.614,49.6651,47.5163,48.8837,18628592.0,931482668.0
2023-04-25,48.2977,48.6395,46.3443,46.9792,17103309.0,825024956.0
2023-04-26,46.8815,50.0069,46.735,49.5674,24426104.0,1220046029.0
2023-04-27,49.1767,50.4953,48.7372,50.1534,14197072.0,721001440.0
2023-04-28,50.1534,51.8138,49.8116,50.1046,16516636.0,855785154.0
2023-05-02,51.2766,51.5208,49.0302,49.6651,4842631.0,247394126.0
2023-05-03,48.493,49.3232,48.2489,49.1767,5963475.0,298079180.0
2023-05-04,49.4697,50.3976,48.786,49.2744,8713902.0,441956492.0
2023-05-05,50.2023,51.2766,49.5186,50.5441,13168305.0,680793133.0
2023-05-08,50.7394,51.2766,50.1046,50.6418,10318057.0,535226506.0
2023-05-09,50.6418,50.6418,48.493,48.8837,14158705.0,715567170.0
2023-05-10,48.9325,50.2023,48.2489,49.7627,10885730.0,550280606.0
2023-05-11,49.9092,50.2999,48.9325,49.8604,10823619.0,549133385.0
2023-05-12,51.1301,51.7161,49.7139,49.8604,14210191.0,734633333.0
2023-05-15,49.0791,51.9603,48.9325,51.4231,15372268.0,803080976.0
2023-05-16,52.1556,52.7417,51.5208,51.765,11646718.0,620403517.0
2023-05-17,52.058,53.4742,51.0813,51.3743,16840543.0,899945746.0
2023-05-18,52.1068,52.9858,50.8859,51.3255,10266470.0,541492114.0
2023-05-19,50.5441,50.5929,48.1512,48.8837,21427896.0,1071951377.0
2023-05-22,49.3232,52.8393,48.9814,52.2533,25695748.0,1360235686.0
2023-05-23,53.9625,55.7694,53.6207,53.8649,41019304.0,2295153091.0
2023-05-24,53.8649,55.1834,53.1812,54.2555,24657048.0,1370070223.0
2023-05-25,54.109,55.0857,52.0091,52.5463,26187178.0,1433740471.0
2023-05-29,53.4742,53.816,49.6651,50.0069,24896456.0,1294776412.0
2023-05-30,50.6906,53.523,50.2023,53.23,24168652.0,1289042665.0
2023-05-31,52.5463,52.7417,50.1046,51.765,68326353.0,3604441473.0
2023-06-01,51.2278,54.0114,50.5929,52.3022,29763977.0,1600982814.0
2023-06-02,53.816,56.2089,53.7672,55.7694,44509055.0,2529315875.0
2023-06-05,56.6485,56.7461,55.0857,56.1601,18240841.0,1047363926.0
2023-06-06,55.7694,56.3554,54.2067,54.8904,17404258.0,986123744.0
2023-06-07,56.2578,57.5763,56.2578,57.088,23952965.0,1398030967.0
2023-06-08,56.6485,56.8926,54.7439,55.4764,21462205.0,1219207816.0
2023-06-09,56.1601,57.2833,55.4276,57.0391,15916914.0,924168891.0
2023-06-12,57.5763,58.3088,57.088,58.26,17042354.0,1007405355.0
2023-06-13,58.0158,58.5042,56.9415,57.967,25243788.0,1497539400.0
2023-06-14,58.2112,59.139,56.8438,57.7228,17572098.0,1045984046.0
2023-06-15,58.9925,59.9692,58.2112,59.7251,27539014.0,1671165176.0
2023-06-16,59.9692,60.5552,58.2112,58.5042,69257174.0,4175385279.0
2023-06-19,57.8693,58.2112,55.4764,56.4531,22453292.0,1292813999.0
2023-06-20,56.1113,56.7461,54.7927,55.3299,12524731.0,711124321.0
2023-06-21,54.2555,54.6951,53.2789,53.6207,15227403.0,837690448.0
2023-06-23,53.6207,54.109,52.5463,52.8882,6362333.0,344699610.0
2023-06-26,52.8882,53.7672,52.2533,53.1323,13876289.0,754048579.0
2023-06-27,53.7184,55.5741,53.4254,54.8904,15335001.0,860947620.0
2023-06-28,54.8904,55.6718,54.0114,55.3787,12233995.0,690206636.0
2023-06-29,55.1346,55.2811,53.1812,53.9137,11838933.0,655075665.0
2023-06-30,53.9625,53.9625,51.8626,52.3022,17087733.0,916553393.0
2023-07-03,52.8393,55.0369,52.5952,54.3044,12692078.0,702057251.0
2023-07-04,54.0602,54.9881,53.7184,54.4509,8455864.0,471290540.0
2023-07-05,54.3044,54.6462,52.9858,53.9625,6103607.0,335414186.0
2023-07-06,53.2789,54.0114,51.5696,52.5463,11852043.0,635341720.0
2023-07-07,52.2045,52.3022,49.4697,51.2766,22183654.0,1152340356.0
2023-07-10,52.4975,53.523,52.3022,52.8393,12229323.0,662216595.0
2023-07-11,53.6695,54.0114,52.3022,52.4487,10188726.0,551613311.0
2023-07-12,53.0835,55.4764,52.8882,54.1579,23830899.0,1330370529.0
2023-07-13,56.1601,58.6019,55.9648,58.4553,39894915.0,2358742249.0
2023-07-14,59.0414,59.5785,57.6252,58.2112,21399047.0,1277804196.0
2023-07-18,57.3321,57.5275,55.4276,55.8671,15543281.0,890899774.0
2023-07-19,55.3787,56.8438,54.5974,56.5508,13486911.0,770213703.0
2023-07-20,57.1368,58.6995,55.3787,55.6718,19175823.0,1112984972.0
2023-07-21,55.7206,58.6995,55.7206,58.3577,22698898.0,1345754567.0
2023-07-24,57.088,58.6995,56.6973,56.9903,15183891.0,894795906.0
2023-07-25,60.5552,62.0203,60.0669,61.825,47233534.0,2961110877.0
2023-07-26,61.3366,62.0203,60.6041,61.8738,18048551.0,1134941829.0
2023-07-27,62.8505,63.7295,61.2878,62.5575,25791252.0,1644610906.0
2023-07-28,61.1901,64.9992,60.9948,63.9249,30021732.0,1961433722.0
2023-07-31,66.8549,69.5409,65.0481,65.6341,52731429.0,3644706156.0
2023-08-01,69.3455,70.8106,65.7317,66.4154,53774059.0,3732778680.0
2023-08-02,65.5852,66.3178,63.1923,64.0714,25115578.0,1656054429.0
2023-08-03,64.0225,66.3666,63.7295,65.4387,18358220.0,1226023908.0
2023-08-04,67.4898,69.5409,66.0248,67.2456,24430606.0,1690737825.0
2023-08-07,66.9526,67.1968,65.8294,66.9526,10816743.0,737165874.0
2023-08-08,66.0248,66.2201,63.8272,64.8039,18791757.0,1248215989.0
2023-08-09,64.5109,67.0015,63.7295,66.7573,17768280.0,1192588891.0
2023-08-10,66.5619,67.8805,65.7317,67.5386,13416178.0,920692896.0
2023-08-11,67.5875,67.6851,64.9992,65.5364,13075614.0,880514444.0
2023-08-14,64.0225,64.8039,62.704,64.3155,21279881.0,1387923110.0
2023-08-15,64.2667,65.1457,61.7761,63.1435,15924261.0,1027402488.0
2023-08-16,61.6296,62.8993,61.0436,61.5808,14953844.0,945257547.0
2023-08-17,60.6041,63.4365,59.432,62.8993,20594655.0,1312759580.0
2023-08-18,62.118,63.7295,61.6784,62.118,17104709.0,1096052755.0
2023-08-21,60.9948,62.118,59.5785,60.0181,21425450.0,1328633407.0
2023-08-22,60.6041,61.8738,58.7972,61.0436,22102602.0,1367537841.0
2023-08-23,61.1413,63.9737,58.9925,62.8993,33349955.0,2112653687.0
2023-08-24,63.1435,66.6596,63.1435,66.3178,33909040.0,2268412276.0
2023-08-25,65.0969,66.3178,63.6807,63.7295,24489382.0,1619151542.0
2023-08-28,67.3921,67.5875,64.462,64.9016,19920042.0,1336408594.0
2023-08-29,65.4387,67.3921,65.3411,67.0503,22131805.0,1513192076.0
2023-08-30,67.6851,67.9781,62.9482,63.4365,40491475.0,2681859511.0
2023-08-31,64.2667,64.8527,62.3133,62.704,27263500.0,1764737845.0
2023-09-04,64.5109,65.3899,63.3388,63.9737,36964735.0,2426400352.0
2023-09-05,63.583,64.3644,63.0947,63.4853,15876722.0,1035050017.0
2023-09-06,62.8993,64.4132,62.704,64.1202,18140835.0,1182265475.0
2023-09-07,63.9737,63.9737,62.3621,62.8017,11964159.0,772507252.0
2023-09-11,60.7994,64.0714,60.2622,63.4853,21216283.0,1356739580.0
2023-09-12,62.7528,63.9249,62.3621,62.997,9480935.0,613251778.0
2023-09-13,63.3877,63.7783,62.1668,62.8017,9692343.0,624104484.0
2023-09-14,63.29,63.583,62.5575,63.3877,7601768.0,491854046.0
2023-09-15,64.1202,64.2179,62.2645,63.6318,18336686.0,1193840159.0
2023-09-18,62.6551,63.4365,62.0203,62.2156,11506747.0,737376162.0
2023-09-19,62.2645,62.4598,61.0436,62.118,11919251.0,754086145.0
2023-09-20,62.118,62.118,59.432,60.4576,20104436.0,1241304358.0
2023-09-21,59.432,59.432,58.0158,58.9925,19381159.0,1163017940.0
2023-09-22,58.6995,62.3621,58.6507,62.0203,21549317.0,1356322571.0
2023-09-25,62.0203,62.0203,60.1646,60.4087,10853752.0,673712903.0
2023-09-26,60.4576,60.4576,58.9437,59.5785,16951340.0,1032750765.0
2023-09-27,59.8716,61.7273,59.8227,60.6529,12169352.0,759674968.0
2023-09-28,60.6041,61.1413,59.9204,60.6041,11583103.0,717777647.0
2023-09-29,61.3854,62.118,60.4087,61.3854,7633954.0,480676376.0
2023-10-03,60.4087,61.3854,59.6274,61.1413,6522399.0,405783441.0
2023-10-04,61.1413,61.1413,59.6762,59.8227,4654460.0,285820233.0
2023-10-05,59.9692,60.6041,59.432,59.432,4873185.0,298527633.0
2023-10-06,60.5552,60.9459,59.7251,60.4576,4465494.0,276695070.0
2023-10-09,61.4343,61.7273,59.7251,61.0436,5307805.0,331592137.0
2023-10-10,61.9226,63.583,61.7761,62.411,15109359.0,972787950.0
2023-10-11,63.583,63.876,61.7273,62.8505,14405731.0,929032552.0
2023-10-12,63.4853,64.169,63.0947,63.4853,16348983.0,1064052421.0
2023-10-13,61.6784,63.4853,61.5808,61.9226,13135841.0,837041961.0
2023-10-16,61.6296,62.3133,60.3599,60.9948,14135644.0,881029805.0
2023-10-17,61.8738,61.9715,59.5785,60.1157,17405300.0,1073056615.0
2023-10-18,59.6274,60.1157,54.4509,54.7439,43349735.0,2493524510.0
2023-10-19,55.2811,56.2089,53.523,54.7927,26202047.0,1474452371.0
2023-10-20,54.2067,55.9159,54.0114,55.2322,16838915.0,954962952.0
2023-10-24,55.2322,55.5253,51.3255,52.3998,30150569.0,1624446087.0
2023-10-25,54.9392,55.5253,49.3232,50.3488,42431094.0,2243180341.0
2023-10-26,50.3488,51.9115,49.6162,50.9348,19002720.0,983663060.0
2023-10-27,51.179,51.472,49.8604,50.7394,18144562.0,941787103.0
2023-10-30,50.1534,50.7883,48.2977,48.8349,38307518.0,1920421986.0
2023-10-31,48.9814,49.4697,48.4442,49.1767,17078182.0,857154208.0
2023-11-01,49.4209,50.5441,49.2256,50.1534,15452918.0,790870581.0
2023-11-02,50.7394,51.7161,50.2511,50.5929,15002820.0,782243457.0
2023-11-03,51.0813,53.9137,50.8859,53.523,23751041.0,1285829621.0
2023-11-06,56.1601,57.4298,55.4276,57.3321,30772800.0,1783528252.0
2023-11-07,56.1601,56.795,55.3299,56.502,16361977.0,942251462.0
2023-11-08,56.6485,57.8693,55.8183,56.0624,17770813.0,1034580948.0
2023-11-09,56.6485,56.8438,55.6718,56.1113,7855507.0,451548233.0
2023-11-10,55.5253,55.5253,53.0347,53.3277,18208011.0,1001013870.0
2023-11-13,53.9137,56.0136,53.7184,55.9159,17802703.0,1000592703.0
2023-11-14,56.502,56.5996,54.2555,55.0857,13214219.0,746046534.0
2023-11-15,57.5763,57.5763,55.6718,56.8926,25526210.0,1480541083.0
2023-11-16,59.5785,59.5785,57.674,58.6019,35007149.0,2102789808.0
2023-11-17,57.2833,58.3088,56.9415,57.2345,18913638.0,1113821864.0
2023-11-20,57.967,59.0902,56.7461,58.6995,18347726.0,1097858814.0
2023-11-21,59.3832,60.7994,56.6973,57.1368,30133813.0,1810423196.0
2023-11-22,57.381,60.2134,57.1368,58.7972,29757654.0,1792632034.0
2023-11-23,58.7972,59.4809,58.1623,59.2855,11945465.0,721472756.0
2023-11-24,59.2855,59.2855,57.7717,57.8693,9615943.0,574598811.0
2023-11-27,58.553,58.6507,56.2578,57.2345,11362068.0,663235246.0
2023-11-28,57.674,57.674,54.3044,54.9881,27637361.0,1560056631.0
2023-11-29,55.5253,55.8183,53.6207,55.6229,19634801.0,1107852326.0
2023-11-30,55.8671,56.6485,54.7927,56.3554,17042743.0,979171130.0
2023-12-01,56.3554,56.5996,54.9881,55.8671,26761931.0,1531869046.0
2023-12-04,55.6718,55.8671,53.23,53.6695,21292293.0,1180116134.0
2023-12-05,53.6207,53.6207,51.8138,52.6928,17049447.0,915486002.0
2023-12-06,52.7417,54.1579,51.765,53.8649,15397659.0,839450704.0
2023-12-07,53.6207,53.6207,51.8626,52.8882,16068117.0,864560197.0
2023-12-08,53.23,53.8649,51.8138,52.5952,15639290.0,840322470.0
2023-12-11,51.2766,52.1556,50.5929,51.8138,17151983.0,900159954.0
2023-12-12,51.8138,53.9625,51.3743,53.523,16327460.0,892234744.0
2023-12-13,53.4254,53.5719,52.2533,53.0347,9735457.0,527174921.0
2023-12-14,54.2555,55.1834,52.1068,52.6928,14505600.0,790381847.0
2023-12-15,54.109,54.9881,53.2789,53.9137,20366246.0,1129349384.0
2023-12-18,53.9137,54.7439,53.2789,53.5719,11844327.0,653514863.0
2023-12-19,53.5719,54.109,52.8393,53.523,10681977.0,585664116.0
2023-12-20,54.2067,54.7927,52.8882,53.1812,9338624.0,512385315.0
2023-12-21,52.4487,53.1323,51.8626,52.7417,7946787.0,426884859.0
2023-12-22,53.4254,54.0114,47.8093,48.9325,49440456.0,2492504498.0
2023-12-27,50.2511,50.5929,48.9814,49.3721,17543346.0,890826083.0
2023-12-28,49.0302,51.8626,48.2,51.2766,26408259.0,1361967026.0
2023-12-29,51.5208,52.2045,50.6906,51.7161,11968531.0,629282414.0
2024-01-02,52.7417,53.0835,50.2511,50.7883,11759630.0,617066747.0
2024-01-03,50.2511,51.0324,49.4209,50.8859,9869391.0,508184321.0
2024-01-04,51.0813,51.0813,49.6651,50.0069,10409899.0,533095858.0
2024-01-05,49.6162,50.0557,48.7372,49.1767,11884593.0,598803123.0
2024-01-08,49.8116,49.8116,47.8093,48.0535,12882623.0,634676064.0
2024-01-09,48.2489,48.8349,46.149,46.442,17059850.0,821053987.0
2024-01-10,45.9048,47.3698,45.1234,47.2233,11307525.0,541831364.0
2024-01-11,46.8326,48.3954,46.4908,47.6628,14869917.0,725195810.0
2024-01-12,47.4187,48.1024,46.8326,47.1257,6820274.0,330470141.0
2024-01-15,47.3698,47.3698,45.1234,45.5141,15555177.0,727620559.0
2024-01-16,44.9769,46.0513,44.4397,44.8793,14807545.0,682300770.0
2024-01-17,44.2444,44.2444,41.6561,42.0957,29199791.0,1271640016.0
2024-01-18,42.3398,42.5352,41.3143,42.0468,20908808.0,896924178.0
2024-01-19,41.998,43.0724,40.0446,40.5818,26725007.0,1119204605.0
2024-01-22,40.826,41.5585,39.6051,40.0446,21763868.0,897747852.0
2024-01-23,40.0934,42.291,39.8493,41.3631,19316111.0,818522657.0
2024-01-24,42.5352,44.0491,41.6561,43.6095,30183755.0,1331249834.0
2024-01-25,43.6095,43.9514,42.291,43.5607,21845232.0,971416741.0
2024-01-26,43.4142,43.4142,41.4608,41.705,22611306.0,981347110.0
2024-01-29,41.6073,42.5352,40.9725,41.4608,17534378.0,745851128.0
2024-01-30,40.5818,40.7283,39.3609,39.5562,19814483.0,808319242.0
2024-01-31,39.7516,39.7516,37.8959,38.1889,17379154.0,684376606.0
2024-02-01,38.2377,40.4841,38.2377,40.1423,17943678.0,731197947.0
2024-02-02,41.2166,41.6561,38.7261,38.9214,20219060.0,821179227.0
2024-02-05,38.5796,40.3376,37.5052,39.1656,16897423.0,674410552.0
2024-02-06,39.1656,42.9259,39.1656,42.6817,26393272.0,1130460796.0
2024-02-07,43.0235,44.1467,41.7538,42.1933,32427373.0,1415573596.0
2024-02-08,42.2422,43.0724,41.412,41.7538,15476129.0,665590295.0
2024-02-09,41.7538,41.998,40.5329,41.5096,4937400.0,208593193.0
2024-02-14,39.6051,42.7305,39.6051,42.584,8761291.0,372852011.0
2024-02-15,42.4863,43.3165,41.8027,43.1212,9422637.0,412734790.0
2024-02-16,42.9259,44.4397,42.4863,44.0491,10132941.0,455009510.0
2024-02-19,43.5119,43.5119,42.3887,42.5352,13184809.0,577891630.0
2024-02-20,43.1212,43.4142,41.998,43.17,9200294.0,403040592.0
2024-02-21,42.877,46.0513,42.6817,44.4886,21998767.0,1012393791.0
2024-02-22,44.4397,45.2211,43.756,45.2211,10519127.0,480165099.0
2024-02-23,44.6351,46.0025,44.3421,44.8304,10229335.0,469735850.0
2024-02-26,44.2932,45.4653,44.0491,44.9769,9073405.0,418340149.0
2024-02-27,45.0746,45.5629,43.17,44.6839,16071221.0,725262448.0
2024-02-28,44.6839,45.4653,43.2189,43.3654,14104725.0,637989990.0
2024-02-29,42.9259,44.1956,42.8282,43.463,15095899.0,671572519.0
2024-03-01,42.7794,44.1956,42.2422,43.6095,22068307.0,980891614.0
2024-03-04,44.0491,44.5374,42.4863,43.9026,20858539.0,928528608.0
2024-03-05,43.2189,43.4142,42.0468,42.1445,16797960.0,731467343.0
2024-03-06,42.1933,45.5141,42.0468,45.1723,31918462.0,1455553162.0
2024-03-07,45.5141,46.3443,44.2444,44.7327,24062433.0,1107155782.0
2024-03-08,44.4397,46.3931,44.4397,45.6118,19150440.0,895053792.0
2024-03-11,45.6118,47.7605,45.5629,47.321,19842801.0,958870226.0
2024-03-12,47.8582,50.9348,47.614,50.1534,42801132.0,2170459378.0
2024-03-13,50.1534,52.351,49.9581,50.8371,30023438.0,1578322690.0
2024-03-14,50.6418,51.5208,49.0791,49.6651,25898611.0,1321676179.0
2024-03-15,48.4442,49.7627,47.4675,49.4697,30680220.0,1524628802.0
2024-03-18,48.6395,52.0091,48.6395,51.6185,28891580.0,1509292496.0
2024-03-19,51.1301,51.8626,50.0557,50.6418,18821471.0,980988358.0
2024-03-20,50.5929,51.2766,49.5674,51.0324,14299669.0,741817387.0
2024-03-21,52.2045,54.1579,49.4697,50.0557,52067187.0,2732107866.0
2024-03-22,49.3232,49.6651,47.5163,47.8582,24553896.0,1209602948.0
2024-03-25,47.907,48.8349,47.028,47.4675,20194685.0,984229852.0
2024-03-26,47.8582,48.3465,47.3698,47.7605,16199735.0,791661414.0
2024-03-27,46.8815,47.907,46.149,46.8326,24876133.0,1197854245.0
2024-03-28,46.8326,49.3721,46.735,47.907,38069019.0,1878261000.0
2024-04-02,49.1767,50.2511,48.493,48.8837,20628102.0,1039150447.0
2024-04-03,49.0791,49.3232,47.8093,48.0535,16926032.0,840013462.0
2024-04-05,48.3465,48.786,47.7605,48.493,9204689.0,455495852.0
2024-04-08,48.3954,49.7139,47.7117,48.493,18749443.0,936037156.0
2024-04-09,48.8349,49.2744,47.9558,48.4442,11213042.0,557621800.0
2024-04-10,49.1279,50.2511,48.5907,48.9325,26114252.0,1312525391.0
2024-04-11,48.0535,48.8837,47.3698,48.493,17052763.0,839882115.0
2024-04-12,48.2,48.786,47.4187,48.0047,18664500.0,918186524.0
2024-04-15,46.9792,47.8582,45.9536,47.614,18631306.0,895145173.0
2024-04-16,46.442,46.9792,45.0746,46.0025,24771572.0,1166021999.0
2024-04-17,45.5629,46.2955,43.9514,44.5862,21892386.0,1004284736.0
2024-04-18,44.2932,45.5629,43.8049,44.7816,14541685.0,667314655.0
2024-04-19,44.0979,44.3421,42.9747,43.3165,19851514.0,883159660.0
2024-04-22,44.5862,45.3188,43.463,44.1467,21640157.0,985053769.0
2024-04-23,44.1956,48.3465,44.1956,47.9558,38580989.0,1860481563.0
2024-04-24,48.8349,52.644,48.6884,51.8626,64907580.0,3376224641.0
2024-04-25,51.9603,53.0835,50.7883,51.5696,27777890.0,1475947483.0
2024-04-26,51.5696,55.4764,51.179,55.1834,46622637.0,2591354838.0
2024-04-29,55.2811,56.6485,54.1579,55.3787,44739430.0,2535823151.0
2024-04-30,55.4764,55.9159,54.3532,54.6462,22173016.0,1247943446.0
2024-05-02,54.6462,58.0158,54.2555,57.8205,23509072.0,1378894623.0
2024-05-03,61.5319,61.5319,59.1879,60.7506,39382322.0,2423903732.0
2024-05-06,61.5319,61.8738,59.0902,60.5064,33921419.0,2094733461.0
2024-05-07,61.1413,61.1413,57.1368,57.6252,39816554.0,2370184522.0
2024-05-08,57.7717,58.1623,55.2811,55.6718,47410517.0,2730014155.0
2024-05-09,55.7694,57.381,55.6718,56.502,26033300.0,1505374914.0
2024-05-10,57.7228,58.6995,54.2067,55.4276,45696496.0,2599732193.0
2024-05-13,54.7927,56.3554,54.109,55.7694,36750214.0,2076550127.0
2024-05-14,57.4298,58.9925,55.9159,56.1601,47104109.0,2768155550.0
2024-05-16,56.6485,57.1368,54.7927,56.795,42329615.0,2439529125.0
2024-05-17,58.1135,59.3832,55.9648,56.8438,38540387.0,2263343144.0
2024-05-20,56.3554,58.7972,56.2578,57.7717,36180902.0,2141883780.0
2024-05-21,57.7228,58.0158,55.1834,55.5741,34704808.0,1996957605.0
2024-05-22,55.6718,58.6019,55.2322,56.795,33872479.0,1977038601.0
2024-05-23,59.1879,59.3832,55.6229,57.7717,80918297.0,4799164208.0
2024-05-24,57.8205,58.3577,54.6951,55.3299,48437166.0,2784952554.0
2024-05-27,55.5741,56.1601,53.6207,55.5253,23415916.0,1319993988.0
2024-05-28,55.6718,55.9648,54.3044,55.2322,14542566.0,822947601.0
2024-05-29,55.1346,55.1346,53.4742,53.8649,30062795.0,1664091675.0
2024-05-30,53.3277,54.5486,53.0835,54.3044,28573447.0,1575900924.0
2024-05-31,55.1834,57.2345,53.816,54.1579,56421330.0,3216921470.0
2024-06-03,54.7439,55.3299,53.1812,54.7927,25152718.0,1405268509.0
2024-06-04,54.3044,54.7927,53.9137,54.4509,19218702.0,1070410173.0
2024-06-05,54.6462,55.5253,53.4254,53.6207,20967907.0,1163715930.0
2024-06-06,54.1579,54.5486,51.9603,52.7905,37457011.0,2020025259.0
2024-06-07,52.937,52.9858,50.4953,51.0813,44708228.0,2341978726.0
2024-06-11,50.7394,50.7883,49.6651,50.4464,37955673.0,1954331428.0
2024-06-12,50.4464,51.6185,50.1046,50.7883,27413330.0,1429273895.0
2024-06-13,51.2766,51.4231,49.1767,50.0557,28019814.0,1433204123.0
2024-06-14,49.9581,49.9581,49.0302,49.7627,31572605.0,1601627169.0
2024-06-17,49.1279,50.9836,48.9325,50.3488,26079744.0,1342751219.0
2024-06-18,51.0324,51.5696,49.7627,50.2511,17976140.0,930677077.0
2024-06-19,50.5441,51.0324,49.6162,50.9836,25837419.0,1335594733.0
2024-06-20,51.0813,51.3743,47.6628,48.3465,47003673.0,2339542124.0
2024-06-21,47.907,48.2977,47.321,48.2,35231528.0,1730022981.0
2024-06-24,47.5652,47.5652,45.2699,46.2466,37792030.0,1783490735.0
2024-06-25,45.8071,46.735,45.1234,45.8071,26147555.0,1226581807.0
2024-06-26,44.9769,46.6373,44.9769,46.3931,19420435.0,916179913.0
2024-06-27,46.2955,46.5396,45.2211,45.3188,20532195.0,959573749.0
2024-06-28,44.9281,45.6118,44.7327,45.0746,22150551.0,1024721442.0
2024-07-02,45.0746,45.8559,44.1956,44.5862,19612851.0,900079086.0
2024-07-03,45.0746,46.1001,44.6839,45.8559,18904541.0,881395534.0
2024-07-04,46.442,46.735,43.5119,43.756,34776363.0,1581386768.0
2024-07-05,43.756,44.0002,42.4863,43.7072,29333858.0,1297407504.0
2024-07-08,43.6095,45.1234,43.6095,44.6839,23714329.0,1080801831.0
2024-07-09,44.8793,46.8326,44.5862,46.4908,32000254.0,1512048666.0
2024-07-10,46.9792,47.3698,45.8559,46.0025,21260866.0,1010865077.0
2024-07-11,46.1001,46.8326,45.5141,46.5885,18375792.0,870888152.0
2024-07-12,47.2722,48.1512,47.1745,48.0047,21828226.0,1068313887.0
2024-07-15,47.1745,47.5163,46.5396,46.735,16342515.0,783236903.0
2024-07-16,45.7094,46.3443,44.8304,45.2211,23058783.0,1068491224.0
2024-07-17,44.9281,46.1978,44.4397,45.6606,15652993.0,728487505.0
2024-07-18,45.4164,45.8071,44.6839,45.3188,11687357.0,542843873.0
2024-07-19,44.6839,44.9769,43.8537,44.1467,19574307.0,886827068.0
2024-07-22,43.5119,44.7327,43.5119,44.3909,13023666.0,590048293.0
2024-07-23,44.7327,45.1234,43.3654,43.5119,20260828.0,909400443.0
2024-07-24,43.5119,43.8537,42.2422,42.6817,19493208.0,855643991.0
2024-07-25,42.3398,42.6817,41.8027,42.1445,16958470.0,731373952.0
2024-07-26,42.0957,42.4375,41.2655,41.8027,17238218.0,738510587.0
2024-07-29,42.7794,42.9747,41.705,42.3887,13781534.0,598535692.0
2024-07-30,42.584,42.584,40.9236,41.119,13002335.0,549252221.0
2024-07-31,41.2166,43.17,41.0213,42.7794,16683526.0,728179031.0
2024-08-01,42.6817,43.0724,42.0957,42.4375,11218307.0,488643004.0
2024-08-02,41.8027,42.291,41.3631,41.998,14319064.0,612703377.0
2024-08-05,41.5585,43.756,40.6306,41.8027,23370239.0,1002976858.0
2024-08-06,42.584,42.9259,41.2166,41.8515,15931457.0,683945203.0
2024-08-07,41.8515,42.7794,41.2166,42.1933,12732167.0,549981633.0
2024-08-08,41.705,43.756,41.2655,42.8282,23224992.0,1022544986.0
2024-08-09,43.6584,45.3188,43.6584,44.1467,26885988.0,1222523490.0
2024-08-12,44.1467,44.3909,43.4142,44.0491,11886019.0,535416027.0
2024-08-13,43.756,44.3909,43.7072,44.0002,7669952.0,345282107.0
2024-08-14,44.1467,44.3421,43.2677,43.4142,9298581.0,415634136.0
2024-08-15,42.9747,43.3165,41.8027,42.9747,21381683.0,935611914.0
2024-08-16,43.463,43.9026,42.6817,42.8282,15677024.0,690498608.0
2024-08-19,43.1212,44.1467,42.9259,43.17,33267533.0,1477627738.0
2024-08-20,43.5607,44.0491,42.877,43.3654,25414936.0,1126350903.0
2024-08-21,41.2166,41.6073,38.0912,39.0679,95091142.0,3779823800.0
2024-08-22,39.1656,39.5562,38.1889,38.9214,39480789.0,1572094500.0
2024-08-23,38.5796,39.9958,38.1889,39.8493,26304902.0,1058793416.0
2024-08-26,40.2399,40.8748,39.3609,39.5074,17813986.0,729729959.0
2024-08-27,38.9702,39.2144,38.5307,39.0679,20821869.0,828151469.0
2024-08-28,39.0679,39.2632,38.0912,38.1889,23296534.0,916676847.0
2024-08-29,37.7982,38.6772,36.675,38.4819,23940106.0,928734026.0
2024-08-30,38.6284,40.3376,38.3842,39.3609,52118817.0,2101103443.0
2024-09-02,38.9702,39.2144,38.4819,38.5796,17416760.0,691215865.0
2024-09-03,38.5796,39.0679,37.5052,37.9935,34364594.0,1338903486.0
2024-09-04,37.6029,38.7261,37.261,38.6284,26807990.0,1048331761.0
2024-09-05,38.6284,39.3121,38.433,39.1656,25914192.0,1035251760.0
2024-09-09,38.4819,39.7028,38.1889,38.433,62909398.0,2494221529.0
2024-09-10,38.5796,38.9702,37.4075,38.14,32715270.0,1273134168.0
2024-09-11,37.6517,37.9935,37.4564,37.847,15534909.0,599391556.0
2024-09-12,37.8959,38.7749,37.8959,37.9447,14525918.0,569852354.0
2024-09-13,38.0424,38.3842,37.2122,37.261,20358713.0,783575673.0
2024-09-16,37.2122,38.9702,36.8703,38.9702,15703976.0,617027451.0
2024-09-17,38.6284,39.5562,38.433,39.2144,8603304.0,344581998.0
2024-09-19,39.4586,41.9003,38.8726,41.119,46052005.0,1931112631.0
2024-09-20,39.8981,40.7771,39.4586,40.4841,159475242.0,6517538126.0
2024-09-23,40.5818,40.9236,39.6539,40.0446,34520760.0,1420943102.0
2024-09-24,40.9236,42.7305,40.0446,42.4863,67140754.0,2854470532.0
2024-09-25,44.1467,46.0513,43.1212,43.3654,85900583.0,3909640905.0
2024-09-26,43.9514,46.8815,43.2189,46.8326,93590817.0,4370077182.0
2024-09-27,47.907,51.0324,47.7117,49.6162,121672889.0,6119246557.0
2024-09-30,52.058,55.2811,51.2278,53.5719,131388932.0,7182461663.0
2024-10-02,54.6951,59.5297,54.4509,58.553,94552905.0,5572162114.0
2024-10-03,58.6019,59.0414,53.23,55.8671,59560381.0,3387143319.0
2024-10-04,55.4276,57.674,54.4997,57.4298,38162645.0,2217175069.0
2024-10-07,58.6019,60.3111,57.8205,59.8227,53547166.0,3243802496.0
2024-10-08,60.0669,60.0669,49.8116,51.472,132750858.0,7322741137.0
2024-10-09,52.3022,53.4742,48.2489,49.7139,99573337.0,5143051151.0
2024-10-10,51.0324,51.5696,48.7372,49.6651,64128149.0,3286175478.0
2024-10-14,49.6651,49.7627,46.4908,48.4442,66541781.0,3256356086.0
2024-10-15,48.1512,49.0302,45.6118,46.3443,51827431.0,2500997673.0
2024-10-16,45.4164,46.7838,44.9281,45.2699,36193806.0,1693054190.0
2024-10-17,45.4164,46.735,43.7072,44.2444,36487412.0,1678229638.0
2024-10-18,44.0491,47.2233,43.8537,46.6861,52047943.0,2437289210.0
2024-10-21,46.8815,47.1257,44.9281,45.1723,38118998.0,1787094713.0
2024-10-22,45.4164,46.1001,45.1723,45.5629,28854806.0,1346405090.0
2024-10-23,45.9048,46.5885,45.2211,46.0025,24683796.0,1164162154.0
2024-10-24,45.1234,45.3676,44.0002,44.1956,37303056.0,1699290204.0
2024-10-25,44.1956,45.2211,44.0979,44.8304,22201918.0,1015605600.0
2024-10-28,45.1234,46.6861,44.7327,46.1978,32640724.0,1539196738.0
2024-10-29,47.0768,47.6628,45.8559,46.1978,32594539.0,1556087326.0
2024-10-30,45.8071,46.2466,44.9281,45.1234,34075580.0,1581328279.0
2024-10-31,45.4164,45.5141,44.6839,44.8304,24940027.0,1149841499.0
2024-11-01,45.0258,45.8071,44.9281,45.3188,19079425.0,885430242.0
2024-11-04,45.6118,47.321,45.6118,47.0768,30053492.0,1438789980.0
2024-11-05,47.0768,52.2533,46.9303,52.1068,70035031.0,3607534066.0
2024-11-06,51.5696,52.0091,49.6651,50.1046,52844483.0,2734345668.0
2024-11-07,49.5186,52.3022,49.0791,51.9115,37104763.0,1938803426.0
2024-11-08,53.5719,54.7439,51.2766,52.4487,59742390.0,3226644614.0
2024-11-11,49.3232,51.472,49.3232,50.3488,37710046.0,1946066590.0
2024-11-12,50.1534,51.6673,48.6395,48.8837,45635240.0,2326897884.0
2024-11-13,48.5907,51.0324,48.3465,50.7883,44149382.0,2238443129.0
2024-11-14,50.0069,51.8626,48.5419,48.8349,44786701.0,2283632272.0
2024-11-15,48.8349,50.6906,48.8349,50.2023,37701009.0,1933514398.0
2024-11-18,50.4953,50.7394,48.3465,48.8837,33588942.0,1692785863.0
2024-11-19,49.8116,50.5929,49.4697,50.3976,30170082.0,1549671864.0
2024-11-20,50.3976,51.8626,49.9581,51.3255,37957443.0,1985163240.0
2024-11-21,48.5907,48.5907,44.7327,45.3188,118758750.0,5565030938.0
2024-11-22,45.3188,45.6606,43.0724,43.3165,58535392.0,2644888384.0
2024-11-25,44.1956,45.6118,44.0491,45.2699,71755358.0,3307043239.0
2024-11-26,45.0746,45.7094,44.8304,45.6606,31561276.0,1466138193.0
2024-11-27,45.6118,47.028,44.9769,46.6373,28594343.0,1348054688.0
2024-11-28,47.1745,47.321,46.1001,46.2955,25605195.0,1221042932.0
2024-11-29,46.2466,48.0047,46.0025,47.0768,26149598.0,1259346664.0
2024-12-02,47.1257,47.7605,46.5885,47.4675,21154175.0,1022866690.0
2024-12-03,47.4675,48.3465,46.5885,47.5163,30972770.0,1507877129.0
2024-12-04,47.5163,47.5163,45.8559,46.1978,42593097.0,2014524755.0
2024-12-05,45.7583,46.1001,45.2699,45.6606,22707576.0,1061899168.0
2024-12-06,45.8071,46.8815,45.3676,46.4908,66966648.0,3179616070.0
2024-12-09,45.8071,47.321,44.6351,47.321,87807322.0,4142334572.0
2024-12-10,48.9325,48.9325,46.0513,46.0513,73358238.0,3546205140.0
2024-12-11,46.3443,47.0768,45.1723,45.5141,42187979.0,1989192717.0
2024-12-12,45.4653,47.2722,45.3188,46.6373,42901499.0,2043506215.0
2024-12-13,46.149,46.2955,45.1723,45.4164,34492088.0,1610821411.0
2024-12-16,45.4164,45.4653,43.7072,43.9514,36946944.0,1674428037.0
2024-12-17,43.8049,45.2211,43.6584,44.1467,22482278.0,1017681070.0
2024-12-18,44.7327,44.9281,44.3421,44.5374,14453420.0,659990302.0
2024-12-19,43.9514,44.4886,43.5607,44.1467,23694081.0,1066691154.0
2024-12-20,44.0002,44.2932,41.6561,41.7538,84367587.0,3658180305.0
2024-12-23,41.9003,42.3398,41.0701,41.4608,40404204.0,1712503239.0
2024-12-24,41.5096,42.1933,41.1678,42.0468,15386792.0,657166031.0
2024-12-27,42.1445,42.4375,40.9236,41.2655,28826147.0,1220043917.0
2024-12-30,41.3631,41.5585,40.6306,40.9236,23349571.0,978567954.0
2024-12-31,40.5818,40.826,40.2399,40.3864,17333170.0,719634589.0
2025-01-02,40.2399,40.3864,39.5074,39.6051,29270907.0,1191661061.0
2025-01-03,39.6051,40.2888,39.2632,39.8493,24754265.0,1007359299.0
2025-01-06,40.0446,40.1911,38.8237,39.3609,32397026.0,1300078697.0
2025-01-07,39.2632,39.7028,38.8726,39.7028,23995447.0,964592610.0
2025-01-08,39.7516,39.8493,38.9214,39.1167,19945229.0,802196805.0
2025-01-09,38.9702,39.6051,38.8726,39.1167,17953352.0,719702900.0
2025-01-10,39.3609,39.8004,38.2377,38.433,24510361.0,972204375.0
2025-01-13,37.7005,38.0424,37.261,37.8959,16426620.0,634109875.0
2025-01-14,37.9447,40.3864,37.8959,39.7516,35811756.0,1446231969.0
2025-01-15,39.6539,39.7516,39.0679,39.2632,24461374.0,985056925.0
2025-01-16,39.9958,41.119,39.4097,39.8493,26695765.0,1099319506.0
2025-01-17,39.7516,40.3864,39.4097,39.8004,15044740.0,614212306.0
2025-01-20,40.9725,41.3143,40.3376,40.4353,26033180.0,1086417218.0
2025-01-21,40.826,41.0213,39.9469,40.5329,21259665.0,880828133.0
2025-01-22,40.0446,40.2399,39.1656,39.5074,23821319.0,962741158.0
2025-01-23,39.6051,40.4353,38.8726,39.1656,22982801.0,928528205.0
2025-01-24,39.2632,40.0446,38.9702,39.6051,25046616.0,1016409330.0
2025-01-27,39.7028,41.8515,39.7028,41.119,56237879.0,2363175618.0
2025-01-28,41.6073,41.8027,40.6306,41.119,10965580.0,461585111.0
2025-02-03,40.4353,40.7283,38.433,40.6795,33069351.0,1345337696.0
2025-02-04,41.412,43.1212,41.2166,43.0724,51261036.0,2226727119.0
2025-02-05,43.0724,45.3188,42.1445,44.3421,85069542.0,3839116432.0
2025-02-06,44.1467,44.6839,43.17,44.4886,43989366.0,1982275170.0
2025-02-07,44.4886,46.0513,44.2444,45.2211,61022697.0,2828524867.0
2025-02-10,45.8559,47.0768,45.7583,46.5396,59135811.0,2820867912.0
2025-02-11,46.9792,47.2722,44.4397,44.7327,48419151.0,2247655693.0
2025-02-12,45.3188,45.7583,44.5862,45.6606,41173182.0,1912689395.0
2025-02-13,46.5885,52.937,46.2466,48.5419,198597810.0,10105937330.0
2025-02-14,50.1534,52.2533,48.786,52.2533,140250039.0,7301391702.0
2025-02-17,54.8416,56.2089,50.9348,52.351,127754797.0,6986378530.0
2025-02-18,52.4487,58.4065,51.765,57.381,184264567.0,10588630052.0
2025-02-19,56.8438,58.4553,55.4764,57.5275,83936448.0,4885378173.0
2025-02-20,56.3554,56.9903,52.6928,53.1323,115746336.0,6393994097.0
2025-02-21,55.5253,57.0391,52.3998,57.0391,152250900.0,8582275657.0
2025-02-24,55.5741,55.9648,53.23,53.8649,89601651.0,4977756056.0
2025-02-25,51.0324,53.0835,50.9836,52.1068,72024031.0,3838986652.0
2025-02-26,52.2533,55.1346,52.2045,54.1579,72873716.0,4025527541.0
2025-02-27,53.9625,54.2555,51.5208,52.351,80168273.0,4312749737.0
2025-02-28,52.058,52.058,48.786,49.4209,84440680.0,4328420951.0
2025-03-03,49.6651,50.8859,48.7372,49.5674,49245571.0,2512950471.0
2025-03-04,48.2489,49.9092,48.0047,49.4209,36668745.0,1843567330.0
2025-03-05,50.2999,51.5208,48.7372,51.3255,50583769.0,2612704085.0
2025-03-06,54.4997,60.3111,53.7672,59.3832,195071767.0,11533607784.0
2025-03-07,59.3832,63.8272,58.3577,62.2156,162826250.0,10307690885.0
2025-03-10,62.997,64.169,59.7251,61.6296,94292126.0,5957784876.0
2025-03-11,59.5785,65.9271,58.7972,64.8039,116391050.0,7546815908.0
2025-03-12,65.9271,67.2945,62.5575,64.3155,82546484.0,5469265160.0
2025-03-13,64.462,64.9504,60.3111,61.825,73943639.0,4684129908.0
2025-03-14,62.8993,64.8039,61.3366,63.3877,60534096.0,3932705241.0
2025-03-17,63.3877,64.0714,61.3366,62.0203,44838325.0,2857675735.0
2025-03-18,64.462,65.9271,63.583,64.755,53396321.0,3529530185.0
2025-03-19,64.3644,65.2434,63.0947,64.169,34996748.0,2297965315.0
2025-03-20,63.7295,64.0225,60.7506,61.1901,56017364.0,3555662262.0
2025-03-21,60.3599,60.9459,57.3321,57.9182,79006323.0,4744506234.0
2025-03-24,57.8693,57.8693,55.3299,57.5275,53715705.0,3112872141.0
2025-03-25,56.6485,57.0391,55.0857,55.4764,38472546.0,2189326910.0
2025-03-26,55.0369,55.7694,52.1556,54.5486,93958039.0,5190865559.0
2025-03-27,54.6951,55.9648,53.3277,55.2811,54894023.0,3087724635.0
2025-03-28,56.2089,57.4298,54.3532,54.7927,50859018.0,2894262643.0
2025-03-31,54.2067,54.4997,52.0091,53.0835,48089971.0,2603919209.0
2025-04-01,53.7672,55.4764,53.0347,54.8416,51349491.0,2870674777.0
2025-04-02,54.8416,56.795,54.4021,56.1113,44077140.0,2530436918.0
2025-04-03,54.7439,55.7694,53.9137,54.8904,40495979.0,2265663742.0
2025-04-07,48.2489,48.6395,43.9514,44.4886,132293806.0,6256827034.0
2025-04-08,45.2211,46.3931,43.17,44.8793,100513691.0,4623677479.0
2025-04-09,43.0724,46.442,41.9003,45.5141,94057932.0,4271438406.0
2025-04-10,47.1257,49.6162,46.3931,47.2233,80237970.0,3928355675.0
2025-04-11,47.028,49.2744,46.6373,48.2977,46054047.0,2275411240.0
2025-04-14,49.7627,50.2023,48.6395,49.1767,40360675.0,2039162802.0
2025-04-15,50.2999,50.8859,48.0047,50.0069,52402453.0,2658661565.0
2025-04-16,48.9325,49.7627,46.5885,47.5652,52189559.0,2537372874.0
2025-04-17,47.5652,49.2744,47.4675,48.8837,27882014.0,1390377112.0
2025-04-22,48.8837,49.9092,48.3465,48.8837,36841799.0,1848195178.0
2025-04-23,50.7394,51.0813,49.8604,50.5929,34563155.0,1786133594.0
2025-04-24,50.1046,50.7394,48.3954,49.2744,36794389.0,1855168277.0
2025-04-25,49.9092,51.472,49.3721,49.5674,39829224.0,2053115988.0
2025-04-28,49.8116,49.9581,49.2256,49.4697,12877601.0,654195125.0
2025-04-29,49.7627,50.3976,49.0791,49.6162,22048737.0,1120761771.0
2025-04-30,49.6651,50.7394,49.4209,50.3976,18306485.0,941695497.0
2025-05-02,50.3976,52.351,50.0557,51.5208,19288562.0,1020020418.0
2025-05-06,52.351,53.3277,51.6185,52.2533,32300749.0,1733041676.0
2025-05-07,55.1834,55.1834,51.765,51.8138,35170435.0,1904216937.0
2025-05-08,51.8138,52.644,51.2278,52.0091,19817495.0,1056009453.0
2025-05-09,52.3022,52.3022,49.9092,50.7883,23237372.0,1207515942.0
2025-05-12,51.9115,54.8904,51.179,53.9137,45411990.0,2471981191.0
2025-05-13,53.4254,53.523,51.2766,51.4231,38157456.0,2029959848.0
2025-05-14,51.6673,52.1556,50.7883,51.8138,33551651.0,1766951530.0
2025-05-15,51.5208,51.7161,50.3976,50.7394,22208037.0,1157292862.0
2025-05-16,50.0557,50.3976,48.6884,49.6651,33992302.0,1721827183.0
2025-05-19,49.2256,49.2256,47.7605,48.5419,38301184.0,1898037960.0
2025-05-20,48.786,49.3232,48.2,48.7372,24243894.0,1211989824.0
2025-05-21,48.6884,49.7139,48.5907,49.1767,22763052.0,1148005022.0
2025-05-22,48.6884,48.786,47.4675,47.7117,37660463.0,1844921850.0
2025-05-23,47.8582,48.2977,47.1257,47.614,28201032.0,1375763723.0
2025-05-26,47.3698,47.9558,46.6373,47.3698,27962201.0,1354279296.0
2025-05-27,47.3698,48.2,47.1745,47.614,26570116.0,1296732379.0
2025-05-28,50.6906,50.9836,49.0302,50.4464,76857212.0,3944499534.0
2025-05-29,50.7883,53.2789,50.6418,52.937,70158966.0,3736848859.0
2025-05-30,52.7417,52.7417,51.4231,52.058,38005610.0,2022066299.0
2025-06-02,50.5929,51.3255,48.8837,51.2278,24284744.0,1249513553.0
2025-06-03,51.6673,52.3022,49.4697,50.0069,43268609.0,2229319733.0
2025-06-04,49.6651,50.9836,49.4209,50.6906,30988572.0,1603185645.0
2025-06-05,51.4231,54.1579,50.8859,53.23,64023855.0,3481395490.0
2025-06-06,53.4742,58.26,53.23,57.7228,155364645.0,9025149467.0
2025-06-09,58.5042,61.825,58.4065,60.9459,108633090.0,6719314382.0
2025-06-10,62.5086,62.5086,59.1879,60.0669,74858035.0,4638534455.0
2025-06-11,60.4576,61.5808,59.4809,60.7506,51654518.0,3211175591.0
2025-06-12,59.7739,60.3599,56.8438,57.1856,75802499.0,4493339875.0
2025-06-13,56.1601,57.8205,55.6229,56.6485,45675539.0,2637897387.0
2025-06-16,56.4531,59.0902,55.8183,58.6019,47517369.0,2802446162.0
2025-06-17,58.7972,59.139,57.5275,58.0158,25379156.0,1510483134.0
2025-06-18,57.1856,57.4298,56.1113,56.8438,20269891.0,1175275221.0
2025-06-19,56.6485,56.6485,54.4021,54.9881,32742037.0,1849712909.0
2025-06-20,54.9881,55.5741,54.6951,55.1346,21775904.0,1228073747.0
2025-06-23,54.4997,56.7461,54.1579,56.3066,22337520.0,1276372067.0
2025-06-24,57.1368,58.5042,56.4531,58.0647,35634270.0,2107997137.0
2025-06-25,58.6019,59.5785,58.1135,58.4065,29555672.0,1776209908.0
2025-06-26,57.8693,60.8971,57.674,60.3111,51535273.0,3168156686.0
2025-06-27,61.1413,62.6063,60.2134,61.3366,53669220.0,3384614389.0
2025-06-30,61.3366,63.4853,61.2878,61.825,38416566.0,2465292430.0
2025-07-02,62.6063,63.1923,59.8227,60.1157,36123561.0,2243225719.0
2025-07-03,60.5552,60.9948,58.7484,59.6762,29676874.0,1805576005.0
2025-07-04,59.4809,62.2645,58.4065,60.4576,37352933.0,2302683098.0
2025-07-07,61.0436,62.5086,60.5064,61.5319,33515444.0,2112910059.0
2025-07-08,61.7273,64.9016,61.6784,64.7062,53842840.0,3518414450.0
2025-07-09,64.462,64.9016,62.4598,63.2412,26510795.0,1724454865.0
2025-07-10,63.4853,63.583,61.8738,62.9482,24605823.0,1580342212.0
2025-07-11,62.9482,64.3644,60.0669,61.6784,46731687.0,2974697424.0
2025-07-14,62.0203,63.9249,61.9226,63.7295,26875715.0,1743546860.0
2025-07-15,63.7295,66.7573,63.6807,66.5619,51034913.0,3425706771.0
2025-07-16,67.6851,69.2479,67.2456,67.9781,57188105.0,4001366110.0
2025-07-17,67.4898,68.4665,66.8061,67.5386,30068040.0,2080386454.0
2025-07-18,68.7107,70.3222,67.2945,69.0525,45613544.0,3220545807.0
2025-07-21,70.1757,70.8106,68.7107,69.785,36007261.0,2568030092.0
2025-07-22,69.5409,72.3733,69.492,71.0547,38402289.0,2796200379.0
2025-07-23,71.9338,77.0126,71.3966,76.0847,79279566.0,6068994874.0
2025-07-24,76.5243,78.087,74.0825,74.4244,65945996.0,5122165633.0
2025-07-25,73.2523,73.7895,70.3711,70.8106,67591246.0,4952351257.0
2025-07-28,71.2501,72.3245,69.8339,71.0059,40443486.0,2939534535.0
2025-07-29,70.6152,71.0059,68.7595,70.4199,45509867.0,3242401404.0
2025-07-30,70.5176,72.1779,69.3944,70.7129,40098176.0,2910096283.0
2025-07-31,70.8106,77.1591,70.3711,75.2057,88972514.0,6808259207.0
2025-08-01,76.1824,77.1591,72.471,72.8616,53555156.0,4066624249.0
2025-08-04,71.8849,75.6941,71.0547,75.2057,43768700.0,3331851738.0
2025-08-05,76.7196,77.8428,74.522,77.3056,51599683.0,4041572225.0
2025-08-06,77.5009,78.7218,76.1336,78.0381,35948430.0,2856216289.0
2025-08-07,79.1125,79.7474,76.8661,78.1358,32644385.0,2616226723.0
2025-08-08,77.5986,78.2335,76.4266,77.3056,25022120.0,1976307260.0
2025-08-11,77.4521,78.6242,75.9871,77.0614,25609832.0,2013371643.0
2025-08-12,76.2312,76.6219,69.199,69.9315,113868221.0,8343250140.0
2025-08-13,71.1036,73.2523,70.3222,73.2035,52707265.0,3881113577.0
2025-08-14,74.3755,75.3034,72.8616,73.4477,31970460.0,2421825243.0
2025-08-15,72.471,73.9848,71.6408,73.057,30543394.0,2272442585.0
2025-08-18,72.5686,73.7407,71.2989,71.9826,35017528.0,2598878431.0
2025-08-19,71.9826,73.8383,71.0059,72.2756,29924348.0,2217415122.0
2025-08-20,70.9571,70.9571,67.441,70.2246,62430963.0,4420215779.0
2025-08-21,70.2246,71.5919,69.4432,70.078,30745796.0,2213842426.0
2025-08-22,70.2246,73.5453,67.5875,73.1546,80053212.0,5873221451.0
2025-08-25,74.6197,77.5498,74.0337,76.9149,57713452.0,4504211657.0
2025-08-26,76.2801,77.9405,75.6941,77.2568,39264739.0,3101076260.0
2025-08-27,77.7451,79.259,73.936,74.6685,51237365.0,3982459678.0
2025-08-28,74.6685,75.3034,73.3011,74.6685,32913036.0,2506885641.0
2025-08-29,76.1824,76.1824,72.3245,73.5942,43210862.0,3262786884.0
2025-09-01,74.5709,75.8894,71.0059,71.8849,54979215.0,4072078458.0
2025-09-02,71.6408,71.7384,69.6385,70.078,45311666.0,3254869571.0
2025-09-03,70.6152,71.4454,69.8339,70.3222,28728171.0,2070626855.0
2025-09-04,71.0547,71.2989,67.5386,68.2712,49102188.0,3458922028.0
2025-09-05,68.3688,71.2501,68.1735,71.2501,66576369.0,4783643391.0
2025-09-08,70.8106,71.0059,67.8805,68.7595,60079579.0,4251626549.0
2025-09-09,69.3101,72.2594,68.966,71.7187,43155014.0,3134493587.0
2025-09-10,72.4069,73.9799,71.4238,72.8984,36515242.0,2712010032.0
2025-09-11,72.2103,72.8001,70.4898,72.1119,30229650.0,2203275095.0
2025-09-12,73.7341,74.9138,72.7018,73.9799,34433732.0,2587272012.0
2025-09-15,73.0459,75.6512,72.751,74.7172,37851428.0,2866040645.0
2025-09-16,75.2088,76.0936,73.5375,74.2748,24577089.0,1866517148.0
2025-09-17,74.2257,77.3716,73.9307,76.8801,59420789.0,4598735860.0
2025-09-18,76.8801,77.4208,74.2257,75.0613,49139140.0,3789126945.0
2025-09-19,75.2088,75.9953,72.2103,74.5206,50348893.0,3791874173.0
2025-09-22,69.8508,73.7341,69.8508,72.751,63106513.0,4621706698.0
2025-09-23,72.6035,72.9476,71.0305,72.8001,27696281.0,2026319261.0
2025-09-24,71.6695,76.9784,71.6695,75.5529,46324874.0,3543327876.0
2025-09-25,74.7664,78.2565,74.324,76.8309,38028175.0,2972962991.0
2025-09-26,76.7326,76.7326,73.8324,74.324,25536275.0,1953245539.0
2025-09-29,74.1273,77.7649,74.1273,77.5683,39104002.0,3061944741.0
2025-09-30,77.8632,83.5653,77.0767,83.1721,71891789.0,5898878251.0
2025-10-02,85.6299,91.037,85.3349,90.2997,76114124.0,6872182282.0
2025-10-03,89.5132,89.5132,85.6299,87.2029,39247860.0,3465882606.0
2025-10-06,87.2029,87.3012,85.1383,86.2197,16223092.0,1420146258.0
2025-10-08,85.5807,85.6299,83.2704,84.3027,22146122.0,1891565774.0
2025-10-09,84.401,88.3335,81.6974,87.3012,66738764.0,5819435106.0
2025-10-10,86.1706,87.1537,82.3856,82.4839,45664028.0,3896635889.0
2025-10-13,79.9769,81.3533,76.3394,79.0921,69344398.0,5557518490.0
2025-10-14,79.1413,80.9109,72.8984,73.7341,74381335.0,5722641212.0
2025-10-15,74.0782,75.7495,73.3409,75.2088,39646503.0,3010516803.0
2025-10-16,75.897,76.2411,74.029,74.7172,28141299.0,2143184150.0
2025-10-17,74.7172,74.7172,71.178,71.7187,41523666.0,3058744815.0
2025-10-20,74.7664,75.0122,71.7187,72.8493,25581920.0,1899833978.0
2025-10-21,74.2748,75.897,73.7833,74.2748,27577113.0,2102486119.0
2025-10-22,73.3409,73.6358,72.0628,72.5052,20700284.0,1533245430.0
2025-10-23,71.7679,72.751,70.3423,72.2103,26728434.0,1943928114.0
2025-10-24,73.8324,74.1765,72.6035,73.6849,18828643.0,1406945898.0
2025-10-27,75.7003,76.0444,74.3731,74.8155,26721925.0,2038127960.0
2025-10-28,75.7003,76.3885,74.1765,74.6681,29429618.0,2253609877.0
2025-10-30,76.1919,76.3885,72.3086,73.39,40157485.0,3026992129.0
2025-10-31,72.8984,73.1934,70.9814,71.1288,27234999.0,1984322771.0
2025-11-03,70.7847,72.7018,70.3915,72.2103,28694776.0,2090262569.0
2025-11-04,70.883,72.3577,69.9491,70.244,23012844.0,1658880641.0
2025-11-05,68.8185,69.9982,67.6879,69.7525,29582205.0,2074719817.0
2025-11-06,70.1949,71.6695,69.5067,71.3255,19658320.0,1417335776.0
2025-11-07,70.2932,70.6373,66.3607,67.098,51425431.0,3534178037.0
2025-11-10,67.2947,68.8676,66.7539,68.6219,27658165.0,1911927388.0
2025-11-11,69.1134,69.7033,67.5404,68.3269,14666406.0,1020255219.0
2025-11-12,68.9168,69.605,67.4421,68.5236,19881998.0,1382690662.0
2025-11-13,67.098,69.0151,66.7048,67.9337,30318325.0,2086859296.0
2025-11-14,66.3607,66.9014,65.2301,65.9674,34231271.0,2301214901.0
2025-11-17,65.3776,66.6065,64.9843,65.6725,22374156.0,1493334095.0
2025-11-18,64.6894,64.9352,62.674,63.5588,36505783.0,2363865949.0
2025-11-19,63.5588,63.8046,61.7892,62.4282,30697647.0,1950984724.0
2025-11-20,64.0012,65.1809,62.7723,63.8537,48063412.0,3119107074.0
2025-11-21,62.7723,64.3944,61.3468,62.9198,38454102.0,2452169874.0
2025-11-24,63.9029,67.7371,63.9029,67.393,67219569.0,4550737275.0
2025-11-25,68.4744,70.539,68.4252,69.4575,50615478.0,3568005517.0
2025-11-26,70.2932,70.2932,67.1963,67.4913,31216259.0,2159268843.0
2025-11-27,67.7862,68.8185,66.7539,67.2455,24638073.0,1693546069.0
2025-11-28,67.2455,67.7371,66.5573,66.6556,18946864.0,1289192691.0
2025-12-01,67.098,67.9337,66.3607,67.1963,15785474.0,1077724029.0
2025-12-02,69.3101,70.7356,67.4421,67.7862,46497088.0,3263906985.0
2025-12-03,66.8523,68.4252,65.9674,66.2624,29242095.0,1978793351.0
2025-12-04,66.3115,66.7539,64.886,66.3607,29196862.0,1956204719.0
2025-12-05,66.3607,68.032,65.4267,68.032,29058269.0,1986571828.0
2025-12-08,67.5896,68.3269,66.9506,67.098,20534664.0,1407857935.0
2025-12-09,66.3607,66.9014,65.1809,65.525,25274683.0,1686870525.0
2025-12-10,65.525,66.2132,64.3944,66.0166,20220199.0,1344399027.0
2025-12-11,66.7048,66.8523,65.2301,65.6233,24385473.0,1630643697.0
2025-12-12,66.6556,67.4421,65.525,66.3115,32330909.0,2192298940.0
2025-12-15,65.1809,65.2793,62.9198,63.3622,36792404.0,2385423946.0
2025-12-16,63.2639,63.5588,61.9366,63.0181,21674866.0,1380785569.0
2025-12-17,63.313,64.4436,62.5757,64.0995,19026047.0,1233320200.0
2025-12-18,63.0181,64.5419,62.9689,64.247,15134025.0,983327552.0
2025-12-19,65.0826,65.4759,64.2961,65.1809,21113784.0,1396466048.0
2025-12-22,65.7217,66.0658,64.886,65.5742,12582187.0,838242926.0
2025-12-23,63.4113,63.608,61.6417,63.2639,60345906.0,3854509671.0
2025-12-24,63.2639,63.8046,62.7723,63.5096,10596186.0,681833916.0
2025-12-29,63.6571,65.2301,62.7231,62.7231,22217367.0,1443627879.0
2025-12-30,62.379,63.6571,62.2807,63.4113,13797838.0,886316376.0
2025-12-31,62.7231,63.2147,62.2316,62.8706,10738145.0,684339155.0
2026-01-02,62.7723,65.5742,62.5265,65.1318,17459733.0,1150075529.0
2026-01-05,68.966,73.9799,67.393,72.3577,135106867.0,9897960794.0
2026-01-06,73.5866,75.8478,72.9476,74.2257,54590686.0,4139696407.0
2026-01-07,74.2257,74.5206,71.2763,72.5052,41694040.0,3069862632.0
2026-01-08,72.5052,72.5052,69.5558,70.6864,35450887.0,2539845754.0
2026-01-09,70.0474,74.1765,70.0474,73.4392,39815626.0,2958616591.0
2026-01-12,74.5206,79.2887,74.5206,78.8955,84959451.0,6691150896.0
2026-01-13,80.1735,82.7297,76.2902,77.1259,64443100.0,5161552746.0
2026-01-14,78.6497,82.4839,78.2073,80.5668,71249443.0,5842325234.0
2026-01-15,80.5668,80.7634,76.9784,78.2073,36872005.0,2946790367.0
2026-01-16,79.4854,79.7803,76.0444,77.0276,37472974.0,2934089181.0
2026-01-19,75.8478,76.5852,74.7172,75.4546,24646651.0,1887070460.0
2026-01-20,75.2579,76.2902,73.9799,74.7664,21277879.0,1621283514.0
2026-01-21,73.9307,78.748,73.4883,77.47,34754820.0,2705136525.0
2026-01-22,78.6989,79.2887,76.5852,77.7649,30687098.0,2419455988.0
2026-01-23,78.748,80.0752,77.4208,79.8786,37445685.0,3012629973.0
2026-01-26,79.8786,80.1244,76.1919,77.2733,33355337.0,2612228873.0
2026-01-27,77.6666,78.3056,76.4868,77.47,19079456.0,1503757704.0
2026-01-28,77.9615,81.0584,77.9615,80.9109,42786278.0,3484924887.0
2026-01-29,80.6159,83.7619,79.8295,81.5499,42265026.0,3526816614.0
2026-01-30,79.6328,80.321,78.6989,78.7972,24698462.0,1987203565.0
2026-02-02,77.9615,78.4039,74.7664,75.7003,36958786.0,2859296606.0
2026-02-03,76.5852,77.0276,69.8508,72.2103,69863157.0,5118234361.0
2026-02-04,70.9322,72.9476,69.8999,71.9153,33102956.0,2405092271.0
2026-02-05,70.2932,72.0136,69.3592,71.7679,36182435.0,2597329371.0
2026-02-06,69.1134,70.9322,68.9168,70.0474,22361878.0,1594182557.0
2026-02-09,70.8339,72.1119,66.3607,68.1303,81408157.0,5615491002.0
2026-02-10,68.8185,71.4729,68.671,69.2117,38285514.0,2726087538.0
2026-02-11,70.1457,70.539,69.1134,69.7033,22115145.0,1569037547.0
2026-02-12,69.7033,69.7033,67.2455,68.3761,27116566.0,1880850047.0
2026-02-13,66.9997,67.5896,66.7048,67.2947,31010133.0,2114921521.0
2026-02-16,67.2947,67.4913,65.4759,67.2455,10994774.0,743652923.0
2026-02-20,66.9506,67.1472,65.0335,65.3776,18191244.0,1213908926.0
2026-02-23,67.4421,68.032,66.7048,67.393,16026815.0,1100853685.0
2026-02-24,66.3607,66.4098,64.3944,65.525,36470646.0,2415728219.0
2026-02-25,65.7708,66.459,64.886,65.2301,25693979.0,1710994138.0
2026-02-26,65.8691,66.1149,62.5265,62.5265,47953773.0,3091404864.0
2026-02-27,62.5265,63.0181,61.0518,61.7892,42879063.0,2701375596.0
2026-03-02,60.7077,60.9535,59.0364,59.7246,47704329.0,2898027147.0
2026-03-03,60.2162,60.7569,58.889,59.2331,34870591.0,2115554259.0
2026-03-04,58.4466,59.2331,56.9227,58.5449,40670155.0,2404026948.0
2026-03-05,59.8229,60.5111,58.2008,58.594,28402081.0,1711815238.0
2026-03-06,58.2991,60.6586,58.2008,60.4128,35578752.0,2171929413.0
2026-03-09,57.0702,59.7738,57.021,59.528,34975196.0,2088284026.0
2026-03-10,61.2485,61.5926,59.5772,60.3636,33703532.0,2068376215.0
2026-03-11,61.1501,61.4451,59.7246,59.8229,22914593.0,1402809438.0
2026-03-12,58.9873,59.8721,58.2008,59.1839,18845973.0,1129342739.0
2026-03-13,58.5449,59.4297,57.955,58.1516,21726887.0,1294260813.0
2026-03-16,57.9058,59.3805,57.2668,58.9873,25723198.0,1536178786.0
2026-03-17,59.3805,60.7569,58.594,58.8398,25172006.0,1530134153.0
2026-03-18,58.9873,59.1839,57.5618,58.0042,30042411.0,1775584308.0
2026-03-19,56.0379,56.2345,54.1208,54.4158,66666228.0,3723215265.0
2026-03-20,54.3175,54.4158,52.3021,52.8919,47849082.0,2583363137.0
2026-03-23,51.4172,52.2037,50.1392,50.8274,50563711.0,2622598812.0
2026-03-24,52.1054,52.3021,50.5816,51.9088,38677919.0,2025846987.0
2026-03-25,52.8428,53.4326,51.1715,52.1546,43780312.0,2322779503.0
2026-03-26,47.0915,48.0746,44.3781,44.8303,197726011.0,9103750737.0
2026-03-27,44.2405,45.8135,44.0438,45.3022,61294784.0,2822478875.0
2026-03-30,44.2405,44.5157,43.454,44.2601,50219454.0,2244910183.0
2026-03-31,44.6927,45.3416,43.8472,44.3584,35425207.0,1600158694.0
2026-04-01,46.0101,46.187,45.1056,45.4202,42990782.0,1991195036.0
2026-04-02,45.027,45.2826,43.8472,44.1421,33975607.0,1527154046.0
2026-04-08,45.4202,47.3471,44.909,45.9118,106727734.0,4983043278.0
2026-04-09,44.7517,45.027,44.0438,44.2601,63319657.0,2855743117.0
2026-04-10,44.2601,45.5578,44.2601,44.3781,45499769.0,2072309176.0
2026-04-13,44.2405,44.3781,43.4933,43.7882,24317141.0,1082808242.0
2026-04-14,44.3388,44.673,43.4736,43.8865,27851234.0,1246875927.0
2026-04-15,44.732,46.0887,44.673,44.8893,45746938.0,2105984689.0
2026-04-16,45.4202,46.2657,45.3809,46.2657,42302125.0,1975055872.0
2026-04-17,46.0494,46.3837,45.3022,45.6758,27409685.0,1273701218.0
2026-04-20,45.8724,46.6393,45.3022,46.187,35725043.0,1679386916.0
2026-04-21,46.187,46.187,45.2826,45.5972,23869543.0,1105671439.0
2026-04-22,45.2236,45.2236,44.0832,44.5747,37879378.0,1711233756.0
2026-04-23,44.4567,44.4764,43.277,43.395,44784113.0,1983765105.0
2026-04-24,42.8838,43.1394,42.2152,42.9624,37674070.0,1635543461.0
2026-04-27,42.9624,43.513,42.5888,42.9034,40606465.0,1773263967.0
2026-04-28,42.8248,42.8248,41.2124,41.5664,43762993.0,1856873465.0
2026-04-29,42.3135,42.9624,41.6057,42.7854,37779763.0,1628294755.0
2026-04-30,41.9596,42.4905,41.763,42.1759,25714098.0,1100532643.0
2026-05-04,42.9624,44.3584,42.9427,43.7096,30482525.0,1357910609.0
2026-05-05,43.2573,43.5719,42.5888,43.4343,14373316.0,629980669.0
2026-05-06,43.4343,44.6927,42.2742,44.2405,59213188.0,2643831688.0
2026-05-07,46.541,47.9763,46.2657,47.5831,120676204.0,5819941655.0
2026-05-08,47.1898,52.7936,47.0129,52.0563,176026526.0,8997614812.0
2026-05-11,52.0563,52.1546,49.3527,50.7291,116359467.0,6006308473.0
2026-05-12,55.743,56.4312,51.7122,51.7122,151743764.0,8288691208.0
2026-05-13,51.7122,51.7122,49.6476,50.7291,69261813.0,3555470400.0
2026-05-14,53.1869,53.4818,49.6968,49.9917,61207264.0,3169512818.0
2026-05-15,49.8934,49.8934,47.9567,48.5072,50533425.0,2505114852.0
2026-05-18,47.3668,48.2516,47.0915,47.8583,32951327.0,1595502484.0
2026-05-19,47.6814,48.7038,47.1898,48.055,31824580.0,1559791947.0
2026-05-20,47.4258,47.76,46.3837,46.8752,40483418.0,1927215141.0
2026-05-21,47.0915,47.1702,43.9455,44.2208,70060700.0,3202923374.0
2026-05-22,44.732,45.5775,44.1421,44.8697,32412208.0,1479086110.0
2026-05-26,45.027,45.6955,43.159,45.027,59740303.0,2719345860.0
2026-05-27,45.1843,45.9118,44.2798,44.5157,30128956.0,1372095818.0
2026-05-28,43.7096,45.4595,43.0607,44.1225,65618843.0,2950191501.0
2026-05-29,44.732,46.6196,43.277,44.7713,92263044.0,4226341538.0
2026-06-01,45.3809,46.9932,45.027,45.7545,57139966.0,2664285437.0
2026-06-02,45.7545,48.2713,45.2432,48.1533,86192086.0,4160928480.0
2026-06-03,47.5831,47.5831,45.5775,45.9511,60746131.0,2851262180.0
2026-06-04,45.7151,46.5213,45.1449,46.1477,52175062.0,2437411845.0
2026-06-05,46.2854,46.6393,45.3612,46.0691,46782307.0,2193626569.0
2026-06-08,44.4371,45.027,42.9427,43.395,68925057.0,3079671480.0
2026-06-09,42.8444,44.2994,42.8444,43.5916,36735664.0,1633499538.0
2026-06-10,44.1618,45.7938,43.7292,45.2432,55473572.0,2547985184.0
2026-06-11,46.0887,47.2685,44.2011,44.8697,49459518.0,2276326509.0
2026-06-12,45.3809,46.2657,44.7713,45.1056,42401617.0,1955682810.0
2026-06-15,46.0101,46.1674,45.0073,45.4595,22031269.0,1022521812.0
2026-06-16,45.2236,45.2236,43.336,43.6899,35741225.0,1591893336.0
2026-06-17,43.9062,47.5831,43.5719,46.8949,76851194.0,3611261315.0
2026-06-18,46.2067,47.819,45.9118,46.4427,65426672.0,3105648425.0
2026-06-22,46.1084,46.4033,44.6337,44.7517,44809494.0,2064825363.0
2026-06-23,44.7517,44.968,42.4119,42.4905,48631069.0,2130938835.0
2026-06-24,42.4905,43.3163,41.6254,42.1956,41404970.0,1787485627.0
2026-06-25,42.0383,42.2546,40.6816,41.4484,35024837.0,1472312023.0
2026-06-26,40.9765,41.2714,39.9147,40.19,50942375.0,2089037696.0
2026-06-29,41.0,42.18,40.38,41.0,35817124.0,1479994532.0
2026-06-30,41.0,42.26,39.72,41.6,56110661.0,2296132154.0
2026-07-02,43.16,44.9,42.44,42.64,54587338.0,2366566563.0
2026-07-03,45.3,45.58,41.52,42.6,95345163.0,4134365065.0
2026-07-06,42.96,46.18,42.12,46.0,87680557.0,3940526839.0
2026-07-07,43.26,43.86,40.02,40.46,451841317.0,19273964528.0
2026-07-08,40.48,44.6,39.96,43.98,147081538.0,6332736116.0
2026-07-09,43.8,44.44,42.02,42.1,71767191.0,3069783706.0
2026-07-10,42.72,44.18,42.4,43.04,53347938.0,2307433437.0
2026-07-13,43.08,44.52,42.7,43.6,70461507.0,3085243151.0
2026-07-14,43.86,45.06,42.4,43.8,93126177.0,4098205878.0
2026-07-15,44.16,45.36,43.66,44.7,64812032.0,2894258385.0
2026-07-16,45.18,48.18,45.18,46.92,141243407.0,6660874902.0
2026-07-17,47.18,47.4,43.06,43.28,83630638.0,3695660139.0
2026-07-20,44.44,45.64,44.34,45.26,43582340.0,1964875006.0
2026-07-21,44.8,45.88,44.66,45.1,29856516.0,1347519853.0
